 Date , Overnight  (%) , 7-day (%)  , Overall (%)  
,,,
02-Jan-12,27.2,30.75,30.42
03-Jan-12,26.62,30.96,28.32
04-Jan-12,28.14,30.59,29.48
05-Jan-12,26.8,28.26,27.46
09-Jan-12,29,29.25,29.24
10-Jan-12,26,25.66,26.29
11-Jan-12,24.5,27.34,25.9
12-Jan-12,23.3,25.71,24.4
16-Jan-12,24.58,29,25.96
17-Jan-12,24.13,27,25.71
18-Jan-12,27.39,26.52,27.12
19-Jan-12,29.86,31.13,30.05
20-Jan-12,29.86,26.5,26.43
23-Jan-12,25.92,28.24,26.77
24-Jan-12,25.4,28.45,25.94
25-Jan-12,20.05,27.93,21.5
27-Jan-12,20.05,28.88,18.72
30-Jan-12,27,29.19,29.14
31-Jan-12,26.35,30.97,27.58
,,,
01-Feb-12,27.37,29.33,27.46
02-Feb-12,25.92,29.78,26.41
03-Feb-12,25.92,26.24,23.2
06-Feb-12,17.27,28.18,18.91
07-Feb-12,20.93,23.4,21.87
08-Feb-12,12.93,17.75,15.34
09-Feb-12,5.22,16.17,6.91
10-Feb-12,5.22,16.17,9.17
13-Feb-12,14.23,21.96,16.6
14-Feb-12,15.36,23.15,17.54
15-Feb-12,16.51,23.23,20.39
16-Feb-12,19.94,23.47,21.65
17-Feb-12,19.94,22.5,19.74
20-Feb-12,18.38,24.16,22.3
21-Feb-12,20.44,25.14,23.58
22-Feb-12,20.61,22.81,21.88
23-Feb-12,11.34,21.28,14.33
24-Feb-12,7.99,22.67,9.33
27-Feb-12,15.94,24.05,22.29
28-Feb-12,18.5,22.88,19.81
29-Feb-12,17.15,22.63,18.39
,,,
01-Mar-12,17.15,22.62,23.03
02-Mar-12,17.15,21.54,19.68
05-Mar-12,21.38,24,22.52
06-Mar-12,22.44,25.38,20.91
07-Mar-12,22.44,25.87,23.93
09-Mar-12,22.44,26.25,21.53
12-Mar-12,24.33,27.82,26.59
13-Mar-12,25.53,26.33,25.72
14-Mar-12,26.33,26.33,26.22
15-Mar-12,26.08,27,26.5
16-Mar-12,26.08,27.88,24.64
19-Mar-12,25.17,27.13,26.63
20-Mar-12,22.91,25.46,24.06
21-Mar-12,18.68,23.3,20.16
22-Mar-12,17.53,21.38,18.49
23-Mar-12,17.53,18,8.92
26-Mar-12,23.55,27,25.08
27-Mar-12,22.96,24.33,23.49
28-Mar-12,22.35,24.06,23.19
29-Mar-12,22.62,26.31,23.19
30-Mar-12,22.62,26.31,17.85
,,,
02-Apr-12,21.33,26.31,23.91
03-Apr-12,18,22.73,20.62
04-Apr-12,22.55,24.36,23.35
05-Apr-12,22.55,22.18,22.45
10-Apr-12,22.37,23.18,22.89
11-Apr-12,24.27,23.71,24.06
12-Apr-12,21.6,24,22.28
13-Apr-12,21.6,25,16.19
16-Apr-12,20.43,21.94,21.08
17-Apr-12,21.53,22.12,22.06
18-Apr-12,17.33,20,19.17
19-Apr-12,17.04,22.36,19.36
20-Apr-12,17.04,19.14,14.86
23-Apr-12,19.5,23.6,22.96
24-Apr-12,21.5,23.6,22.51
25-Apr-12,20.87,22.42,21.96
26-Apr-12,21.64,23,22.44
27-Apr-12,21.64,22.89,19.47
30-Apr-12,21.64,22.79,22.73
,,,
02-May-12,18.17,20.58,19.85
03-May-12,17,20.75,18.98
04-May-12,17,23.95,19.09
07-May-12,20.85,22.52,22.38
08-May-12,20,21.61,21.48
09-May-12,19,20.12,19.98
10-May-12,16,19.36,19.17
11-May-12,16,20,16.16
14-May-12,15.5,19.79,18.02
15-May-12,14.69,21.37,16.12
16-May-12,16.05,21.2,18.39
17-May-12,18.17,20.91,18.47
18-May-12,13.01,20.54,14.36
21-May-12,18.68,20.26,19.66
22-May-12,19.67,20.89,20.6
23-May-12,18.68,20.45,19.12
24-May-12,19.33,20.66,20.63
25-May-12,13.94,20.58,15.54
28-May-12,17.75,20.24,20.07
29-May-12,14.15,18.29,16.53
30-May-12,16.44,20.64,19.59
31-May-12,13.27,20.75,14.13
,,,
01-Jun-12,7.5,17.57,8.94
04-Jun-12,18.14,20.15,19.37
05-Jun-12,19.5,21.79,20.44
06-Jun-12,18.79,19.88,19.5
07-Jun-12,15.84,18.2,16.69
08-Jun-12,10.94,17.8,12.57
11-Jun-12,18,19.87,19.16
12-Jun-12,18,20.7,20.24
13-Jun-12,16.14,18.55,17.2
14-Jun-12,18.88,20.92,19.33
15-Jun-12,13.67,14.6,13.71
18-Jun-12,19.33,20.52,20.24
19-Jun-12,18,20.14,19.24
20-Jun-12,18,21.23,19.47
21-Jun-12,20.95,19.99,20.65
22-Jun-12,19.77,20.39,19.9
25-Jun-12,19.85,20.04,19.93
26-Jun-12,19.34,20.26,20.03
27-Jun-12,19.38,20,19.43
28-Jun-12,19.76,20.99,20.55
29-Jun-12,18.48,19.06,18.77
,,,
02-Jul-12,21.25,22.26,22.14
03-Jul-12,21.48,20.53,20.8
04-Jul-12,21.48,20.47,20.82
05-Jul-12,18.56,20.36,19.71
06-Jul-12,15.14,19.4,17.8
09-Jul-12,16.83,18.23,18.17
10-Jul-12,15.39,16.93,16.23
11-Jul-12,15.65,18.25,17.51
12-Jul-12,10,16.18,13.37
13-Jul-12,4.98,16.97,8.60%
16-Jul-12,16.75,18.31,17.89%
17-Jul-12,16.37,18.58,18.06%
18-Jul-12,16.64,18.25,17.73%
19-Jul-12,14.98,18.04,16.36%
20-Jul-12,7.69,16.99,11.61%
23-Jul-12,9.35,16.99,13.61
24-Jul-12,10.86,16.95,15.3
25-Jul-12,10.37,15.92,11.86
26-Jul-12,11.62,16.87,13.15
27-Jul-12,6.36,18.63,7.8
30-Jul-12,15.58,17.82,17.83
31-Jul-12,16.53,17.73,17.06
,,,
01-Aug-12,15.86,17.49,16.94
02-Aug-12,15.91,16.74,16.42
03-Aug-12,10.64,16.81,12.07
06-Aug-12,11.16,16.48,15.18
07-Aug-12,12.27,17.19,14.5
08-Aug-12,11.53,16.46,14.03
09-Aug-12,6.23,14.73,8.94
10-Aug-12,4.46,16.36,9.58
13-Aug-12,12.19,16.83,14.87
14-Aug-12,9.4,15.59,12.09
15-Aug-12,6.5,16.14,10.45
16-Aug-12,10.89,16.5,12.47
17-Aug-12,11.08,14.75,11.61
20-Aug-12,12.37,16.95,15.47
21-Aug-12,12.42,16.8,12.81
22-Aug-12,11.96,15.81,12.2
23-Aug-12,11.04,16,11.61
24-Aug-12,9.02,16,9.02
27-Aug-12,13.76,17.33,14.79
28-Aug-12,17,16.94,16.94
29-Aug-12,19.02,16.56,18.75
30-Aug-12,12.54,16.39,14.58
31-Aug-12,11.57,14,12.11
,,,
03-Sep-12,11.23,16.36,15.09
04-Sep-12,10.63,14.5,11.27
05-Sep-12,10.41,13.33,12.01
06-Sep-12,8.07,14.53,11.3
07-Sep-12,7.24,12.43,7.84
10-Sep-12,12.8,14.95,14.26
11-Sep-12,11.79,15.23,12.67
12-Sep-12,12.5,15.31,14.73
13-Sep-12,12.81,14.98,14.29
14-Sep-12,11.16,15,12.68
17-Sep-12,13.2,14.93,14.15
18-Sep-12,13.05,14.71,13.29
19-Sep-12,12.66,15.09,13.87
20-Sep-12,12.27,15.34,13.31
21-Sep-12,10.91,15,11.12
24-Sep-12,10.15,14.92,12.95
25-Sep-12,8.77,12.79,10.51
26-Sep-12,7.92,15.03,12.3
27-Sep-12,5.85,14.13,6.44
28-Sep-12,5.18,12.39,6.85
,,,
01-Oct-12,5.24,14.02,11.77
02-Oct-12,5.7,12.4,7.04
03-Oct-12,6.51,12.97,9.96
04-Oct-12,10.19,12.91,11.56
05-Oct-12,7.92,12.82,9.21
08-Oct-12,7.92,12.93,12.56
10-Oct-12,11.27,13.8,12.93
11-Oct-12,11.77,13.93,12.51
12-Oct-12,13.12,14.23,13.51
15-Oct-12,14.19,14.88,14.59
16-Oct-12,15.07,15.4,14.91
17-Oct-12,13.5,13.59,14
18-Oct-12,11.89,12.7,12.2
19-Oct-12,5.69,12.7,8.61
22-Oct-12,13.34,13.62,13.41
23-Oct-12,14.38,13.25,14.13
24-Oct-12,11.55,14.68,13.41
25-Oct-12,11.55,14.32,13.15
29-Oct-12,11.24,13.51,12.62
30-Oct-12,11.72,12.65,11.72
31-Oct-12,9.79,13.93,11.72
,,,
01-Nov-12,10.14,14,11.76
02-Nov-12,0,12.54,8.23
05-Nov-12,12.1,12.75,12.45
06-Nov-12,7.74,12.06,9.02
07-Nov-12,6.47,12.59,10.38
08-Nov-12,6,11.89,9.2
09-Nov-12,6.41,13.26,8.64
12-Nov-12,7.61,12.36,10.04
13-Nov-12,7.59,12.09,8.88
14-Nov-12,8.11,12.98,9.65
15-Nov-12,7.76,12.47,10.65
16-Nov-12,6.49,12.85,9.47
19-Nov-12,8.54,12.96,10.56
20-Nov-12,8.51,12.5,10.14
21-Nov-12,8.76,12.39,10.36
22-Nov-12,7.07,12.65,8.44
23-Nov-12,9.34,12.63,9.87
26-Nov-12,8.56,12.46,11.75
27-Nov-12,7.88,12.65,11.02
28-Nov-12,9.82,12.83,11.88
29-Nov-12,8.63,12.36,9.39
30-Nov-12,6.65,12.23,8.86
,,,
03-Dec-12,10.3,13.01,12.36
04-Dec-12,9.98,12.59,10.94
05-Dec-12,9.35,12.27,10.3
06-Dec-12,10.98,12.81,11.87
07-Dec-12,7.48,12.54,8.69
10-Dec-12,7.9,12.22,11.15
11-Dec-12,5.35,12.47,8.21
12-Dec-12,4.84,12.61,8.2
13-Dec-12,5.54,12.08,7.75
14-Dec-12,3.9,11.5,6.61
17-Dec-12,8.35,12,10.45
18-Dec-12,8.58,12.37,10.27
19-Dec-12,8.44,12.54,9.81
20-Dec-12,9.47,12.5,9.99
21-Dec-12,7.83,11.5,9.2
24-Dec-12,8.05,12.11,9.31
27-Dec-12,8.9,12.13,11.19
28-Dec-12,0,12.38,7.82
31-Dec-12,8.52,11.89,10.88
,,,
02-Jan-13,7.65,12.03,9.28
03-Jan-13,7.24,11.92,10.99
04-Jan-13,5.84,11.46,6.86
07-Jan-13,9.02,11.56,9.6
08-Jan-13,7.84,11.33,8.92
09-Jan-13,7.88,12.84,8.83
10-Jan-13,6.21,12.73,9.34
11-Jan-13,7.71,12.37,8.41
14-Jan-13,8.67,12.87,12.17
15-Jan-13,7.88,11.47,8.69
16-Jan-13,9,12,10.84
17-Jan-13,6.85,11.74,9.47
18-Jan-13,6.81,11.95,9.36
21-Jan-13,8.75,12.22,9.46
22-Jan-13,5.76,12.47,7.18
23-Jan-13,8.48,12.46,11.19
24-Jan-13,6.97,12.1,8.7
25-Jan-13,4.1,10.86,5.8
28-Jan-13,7.3,11.9,10.1
29-Jan-13,6.3,11.8,9.2
31-Jan-13,6.5,11.9,10.1
,,,
01-Feb-13,6.4,10.2,7.4
04-Feb-13,8.3,11.8,10.5
05-Feb-13,7.1,11.7,7.7
06-Feb-13,7.5,11.7,8.7
07-Feb-13,6.3,10.5,7.1
08-Feb-13,3.5,10.5,3.7
11-Feb-13,5.9,11.8,9.2
12-Feb-13,5.6,12,7.5
13-Feb-13,4.4,10,4.9
14-Feb-13,4.7,10.5,7.2
15-Feb-13,4,9.1,5.2
18-Feb-13,3.72,10.09,7.17
19-Feb-13,3.5,10.9,7.2
20-Feb-13,5.7,0,5.8
21-Feb-13,4.2,12.5,4.7
22-Feb-13,3.9,9.4,7.4
25-Feb-13,4.9,11.5,8.1
26-Feb-13,4.3,10,5.5
27-Feb-13,5.4,10.8,8.1
28-Feb-13,5.5,10.8,7.4
,,,
01-Mar-13,5.5,0,7.5
04-Mar-13,6,10.8,6.9
05-Mar-13,6.8,11.6,7.8
06-Mar-13,8.53,12.02,10.37
07-Mar-13,9.91,11.13,10.01
11-Mar-13,7.08,11.75,8.69
12-Mar-13,5.36,11.75,6.05
13-Mar-13,5.14,-,5.48
14-Mar-13,5.2,10,5.71
15-Mar-13,5.5,9.5,5.83
18-Mar-13,6.88,10.7,8.32
19-Mar-13,7.48,11.78,8.35
20-Mar-13,8.24,11.5,8.97
21-Mar-13,9.66,12,9.79
22-Mar-13,11.52,0,11.57
25-Mar-13,9.85,11.74,10.79
26-Mar-13,9.46,11.5,10.53
27-Mar-13,9.2,12,9.41
28-Mar-13,10.3,7.33,10.26
,,,
02-Apr-13,9.75,10.38,9.66
03-Apr-13,7.4,10.78,8.12
04-Apr-13,8.22,10.21,8.25
05-Apr-13,7.19,10.35,7.4
08-Apr-13,6.53,0,6.53
09-Apr-13,7.59,11,7.25
10-Apr-13,7.04,11.44,7.62
11-Apr-13,6.31,10.22,6.82
12-Apr-13,7.03,9.29,7.14
15-Apr-13,5.89,11.19,7.08
16-Apr-13,8.27,11.5,8.36
17-Apr-13,9.84,11.57,10.28
18-Apr-13,8.98,10.7,9.19
19-Apr-13,9.38,11,9.44
22-Apr-13,9.35,12,10.02
23-Apr-13,9.4,11.82,9.59
24-Apr-13,9.94,11.33,10.08
25-Apr-13,9.74,12.29,9.92
26-Apr-13,-,13.25,10.55
29-Apr-13,10.51,12.16,8.54
30-Apr-13,,11.94,11.33
,,,
02-May-13,8.74,12.03,8.97
03-May-13,7.43,12,7.47
06-May-13,9.48,12.46,9.87
07-May-13,7.94,12,8.22
08-May-13,5.06,9.45,6.74
09-May-13,6.76,0,6.79
10-May-13,8.76,-,8.76
13-May-13,9.35,12,9.52
14-May-13,9.69,11.82,9.83
15-May-13,8.62,11.19,8.84
16-May-13,9.63,11.81,9.63
17-May-13,8.75,11.31,8.92
20-May-13,10.02,12.05,10.41
21-May-13,10.68,12.65,10.99
22-May-13,11.98,12.19,12.02
23-May-13,11.19,12.14,11.68
24-May-13,10.47,12.01,10.98
27-May-13,10.09,12.17,10.49
28-May-13,10.32,11.77,10.66
29-May-13,11.16,12.09,11.82
30-May-13,11.08,12.61,11.56
31-May-13,10.42,12.21,10.87
,,,
04-Jun-13,8.44,11.99,10.08
05-Jun-13,8.89,11.95,10.31
06-Jun-13,7.73,12.03,10.56
07-Jun-13,6.88,10.17,8.42
10-Jun-13,5.53,11.1,7.58
11-Jun-13,6.4,10.81,7.94
12-Jun-13,5.12,10.45,7.27
13-Jun-13,6.15,10.58,8.81
14-Jun-13,6.64,9,6.7
17-Jun-13,6.17,10.99,9.88
18-Jun-13,9.06,10.79,9.45
19-Jun-13,9.62,11,10.08
20-Jun-13,9.96,10.85,10.19
21-Jun-13,8.77,11.41,9.48
24-Jun-13,8.52,11.06,10.01
25-Jun-13,8.47,11.05,9
26-Jun-13,6.34,10.94,9.35
27-Jun-13,5.25,10.8,6
28-Jun-13,6.71,10.7,7.54
,,,
01-Jul-13,9.99,11.1,10.72
02-Jul-13,9.69,11,10.09
03-Jul-13,8.19,9.94,8.44
04-Jul-13,7.99,11,8.23
05-Jul-13,7.53,10.61,8.06
08-Jul-13,8.15,11.08,10.3
09-Jul-13,6.92,10.88,7.71
10-Jul-13,7.15,10.69,8.01
11-Jul-13,7.59,10.82,8.26
12-Jul-13,8.74,11.15,9.86
15-Jul-13,8.62,11.04,10.5
16-Jul-13,9.58,11.2,10.3
17-Jul-13,10.66,11.51,10.92
18-Jul-13,10.15,11.27,10.6
19-Jul-13,9.3,11.09,10.21
22-Jul-13,9.02,11.1,10.27
23-Jul-13,8.98,11,9.87
24-Jul-13,8.64,10.93,9.74
25-Jul-13,7.74,10.4,8.95
26-Jul-13,7.08,11.25,7.39
29-Jul-13,7.4,11.15,10.06
30-Jul-13,6.67,10.81,8.32
31-Jul-13,7.08,11.84,7.83
,,,
01-Aug-13,5.92,11.04,7.36
02-Aug-13,5.15,11.17,5.36
05-Aug-13,7.05,11.07,9.41
06-Aug-13,7.31,11,7.83
07-Aug-13,6.9,11,8.13
09-Aug-13,7.53,10.58,7.75
12-Aug-13,7.04,10.97,8.76
13-Aug-13,6.18,10.72,6.68
14-Aug-13,5.32,10.38,6.03
15-Aug-13,5.47,10.67,5.83
16-Aug-13,6.08,10.95,6.08
19-Aug-13,7.94,10.92,8.8
20-Aug-13,8.39,10.08,8.46
21-Aug-13,8.8,11.17,9.05
22-Aug-13,10.14,11.59,10.35
23-Aug-13,9.79,11.13,10.1
26-Aug-13,6.66,11.01,8.54
27-Aug-13,7.18,11,7.24
28-Aug-13,7.86,11.05,8.06
29-Aug-13,6.77,11,7.07
30-Aug-13,5.04,10.88,5.77
,,,
02-Sep-13,6.22,10.98,8.83
03-Sep-13,7.56,10.75,8.21
04-Sep-13,7.21,12.11,8.9
05-Sep-13,7.23,11.7,7.77
06-Sep-13,4.07,11.25,4.26
09-Sep-13,7.13,11.83,9.26
10-Sep-13,7.52,11,7.97
11-Sep-13,5.8,11.88,8.57
12-Sep-13,5.84,9.69,6.26
13-Sep-13,9.88,12,9.96
16-Sep-13,11.55,12.09,11.68
17-Sep-13,11.81,12.47,11.96
18-Sep-13,10.88,11.92,11.03
19-Sep-13,10.33,12.08,11.16
20-Sep-13,7.02,11,7.23
23-Sep-13,9.1,11.93,10.34
24-Sep-13,8.47,11.82,9.6
25-Sep-13,6.74,11.92,8.59
26-Sep-13,8.38,11.91,9.2
27-Sep-13,5.74,11.5,5.9
30-Sep-13,5.27,10,5.54
,,,
01-Oct-13,5.98,11.92,8.76
02-Oct-13,5.69,11.91,7.28
03-Oct-13,6.24,11.81,7.37
04-Oct-13,5.57,12,5.89
07-Oct-13,8.46,11.96,8.8
08-Oct-13,8.45,12.12,9.72
10-Oct-13,9.41,12.5,9.51
11-Oct-13,10.91,12.5,10.97
14-Oct-13,9.91,12.5,10.03
16-Oct-13,10.26,12.13,11.1
17-Oct-13,10.87,11.91,11.36
18-Oct-13,5.94,9.51,6.7
21-Oct-13,10.24,9,10.02
22-Oct-13,12.1,11.95,12.06
23-Oct-13,11.01,12.64,11.81
24-Oct-13,9.62,11.72,8.42
25-Oct-13,8.2,12,8.3
28-Oct-13,7.72,11.8,7.96
29-Oct-13,6.43,11.83,6.86
30-Oct-13,7.53,12,7.6
31-Oct-13,6.69,11.72,7.27
,,,
01-Nov-13,8.13,11.5,8.31
04-Nov-13,10,12.33,10.36
05-Nov-13,9.2,11.98,9.91
06-Nov-13,8.94,13,8.99
07-Nov-13,8.12,11.96,8.62
08-Nov-13,9.38,12,9.82
11-Nov-13,9.15,12.1,9.35
12-Nov-13,7.7,12.1,7.72
13-Nov-13,7.6,12.06,7.89
14-Nov-13,7.39,11.57,7.96
15-Nov-13,5.24,11.78,6.94
18-Nov-13,8.96,12.02,10.11
19-Nov-13,8.77,11.21,9.1
20-Nov-13,9.4,12.5,9.11
21-Nov-13,8.06,12.38,8.28
22-Nov-13,8.76,12,8.79
25-Nov-13,8.45,12.11,10.06
26-Nov-13,8.12,11.96,8.84
27-Nov-13,9.41,12.5,9.48
28-Nov-13,8.78,12,9.08
29-Nov-13,9.08,11.95,9.42
,,,
02-Dec-13,8.88,11.73,9.11
03-Dec-13,9.6,11.7,10.84
04-Dec-13,10.7,11.38,10.97
05-Dec-13,9.25,11.65,9.7
06-Dec-13,6.46,11.56,7.05
09-Dec-13,6.84,11.44,7.37
10-Dec-13,6.72,11.34,7.97
11-Dec-13,5.96,10.94,6.31
12-Dec-13,4.33,11.25,4.52
13-Dec-13,5.65,,5.65
16-Dec-13,7.21,11.47,8.55
17-Dec-13,10.22,11.52,10.6
18-Dec-13,11.75,12,11.75
19-Dec-13,11.11,11,11.11
20-Dec-13,8.38,10.33,8.46
23-Dec-13,6.91,11.26,7.96
24-Dec-13,4.16,9.67,4.41
27-Dec-13,5.04,9.83,5.25
30-Dec-13,6.51,11.36,8.73
31-Dec-13,6.07,10.07,6.25
,,,
02-Jan-14,8.45,10.64,8.59
03-Jan-14,8.27,11.5,8.31
06-Jan-14,7.81,11.03,8.02
07-Jan-14,7.37,10.51,8.08
08-Jan-14,7.06,11.25,8.25
09-Jan-14,5.97,11,6.54
10-Jan-14,6.9,11,6.9
13-Jan-14,6.98,11,7.08
14-Jan-14,7.79,11,7.79
15-Jan-14,9.1,11,9.37
16-Jan-14,9.25,11.05,9.63
17-Jan-14,9.07,10.71,9.22
20-Jan-14,7.96,11.39,9.04
21-Jan-14,7.89,11.39,7.89
22-Jan-14,10.19,11.39,10.19
23-Jan-14,10.59,11.55,10.81
24-Jan-14,10.46,11.8,10.49
27-Jan-14,8.24,11.3,8.61
28-Jan-14,8.3,11.39,8.78
29-Jan-14,9.27,11.5,9.51
30-Jan-14,10.41,11.17,10.42
31-Jan-14,10.21,11.5,10.57
,,,
03-Feb-14,9.77,11.5,9.77
04-Feb-14,10.22,11.5,10.27
05-Feb-14,10,11.78,10.2
06-Feb-14,9.5,11.53,9.87
07-Feb-14,6.44,11,6.96
10-Feb-14,9,11,9
11-Feb-14,8.6,11,8.6
12-Feb-14,9.83,11.4,10.25
13-Feb-14,10.25,11.5,10.5
14-Feb-14,10.41,11.5,10.45
17-Feb-14,9.19,11.5,9.55
18-Feb-14,8.93,10.5,9.11
19-Feb-14,10.36,10.67,10.38
20-Feb-14,9.2,11.38,9.45
21-Feb-14,8.09,11.38,8.09
24-Feb-14,9.55,11.38,9.55
25-Feb-14,8.74,11.5,8.82
26-Feb-14,8.06,10.44,8.29
27-Feb-14,10.5,11.35,10.54
28-Feb-14,10.12,11.5,10.15
,,,
03-Mar-14,8.87,11.5,9.14
04-Mar-14,9.32,11.5,9.32
05-Mar-14,7.75,11.3,8.1
06-Mar-14,8.94,11.3,8.94
07-Mar-14,9.63,11.3,9.63
10-Mar-14,8.09,11.3,8.09
11-Mar-14,8.48,10.5,8.5
12-Mar-14,9.32,10.5,9.32
13-Mar-14,8.96,11.27,9.08
14-Mar-14,9.27,11.4,9.75
17-Mar-14,9.28,11.4,9.42
18-Mar-14,10.41,11.5,10.43
19-Mar-14,11.41,11.36,11.4
20-Mar-14,11.56,11.5,11.56
21-Mar-14,10.05,11.3,10.33
24-Mar-14,10.58,11.3,10.9
25-Mar-14,8.98,11.29,9.47
26-Mar-14,9.44,11.31,9.53
27-Mar-14,10.01,11.35,9.75
28-Mar-14,9.72,11.5,9.96
31-Mar-14,9.69,11.5,9.69
,,,
01-Apr-14,9.01,11.5,9.22
02-Apr-14,8.72,11.5,8.8
03-Apr-14,8.6,11.5,8.66
04-Apr-14,8.37,11.5,8.37
07-Apr-14,8.9,11.25,9.74
08-Apr-14,8.26,11.25,8.26
09-Apr-14,7.48,11.25,7.48
10-Apr-14,7.95,10.9,8.09
11-Apr-14,8.22,10.9,8.28
14-Apr-14,9.79,10.9,9.9
15-Apr-14,10.11,10.9,10.11
16-Apr-14,10.9,11.2,10.92
17-Apr-14,10.91,11.5,10.94
22-Apr-14,10.25,11.5,10.58
23-Apr-14,10.22,11.21,10.38
24-Apr-14,8.54,11.53,8.89
25-Apr-14,8.85,11.53,8.85
28-Apr-14,9.39,11.5,9.57
29-Apr-14,10.09,11,10.15
30-Apr-14,10.66,12,10.69
,,,
02-May-14,10.47,11.5,10.5
05-May-14,8.56,11.36,9.21
06-May-14,10.07,11.36,10.19
07-May-14,9.7,11.36,9.7
08-May-14,9.91,11.25,10.06
09-May-14,10.37,11.25,10.37
12-May-14,7.81,11.25,8.12
13-May-14,9.62,11.22,9.91
14-May-14,8.33,,8.33
15-May-14,8.41,11.25,8.59
16-May-14,8.2,-,8.2
19-May-14,9.41,10.35,9.44
20-May-14,10.1,11.25,10.18
21-May-14,9.63,,9.63
22-May-14,8.52,11.25,8.66
23-May-14,6.78,10.5,7.19
26-May-14,8.05,,8.05
27-May-14,9.43,,9.43
28-May-14,8.49,,8.49
29-May-14,8.82,11.19,8.97
30-May-14,6.32,11,6.51
,,,
02-Jun-14,7.96,,7.96
04-Jun-14,7.95,11.01,8.55
05-Jun-14,8.51,10.5,8.76
06-Jun-14,6.82,,7.29
10-Jun-14,6.16,10.44,6.56
11-Jun-14,6.39,10.69,7.27
12-Jun-14,5.7,,5.7
13-Jun-14,5.64,,5.69
16-Jun-14,5.98,10.88,6.17
17-Jun-14,6.53,10.75,6.42
18-Jun-14,7.31,10.75,7.52
19-Jun-14,7.3,10.73,8.31
20-Jun-14,7.87,,7.87
23-Jun-14,9.05,11.33,9.44
24-Jun-14,8.23,11.1,8.61
25-Jun-14,9.05,11,9.42
26-Jun-14,7.62,10.85,8
27-Jun-14,7.58,,7.58
30-Jun-14,8.19,11,8.4
,,,
01-Jul-14,8.16,11,8.25
02-Jul-14,8.27,10.5,8.44
03-Jul-14,8.6,10.86,8.85
04-Jul-14,9.41,,9.41
07-Jul-14,9.9,10.85,9.98
08-Jul-14,10.02,10.75,10.08
09-Jul-14,10.29,11,10.41
10-Jul-14,10.1,,10.21
11-Jul-14,12.02,,12.02
14-Jul-14,9.82,11,9.98
15-Jul-14,9.21,11,9.34
16-Jul-14,10.09,10.99,10.37
17-Jul-14,10.81,11.18,10.97
18-Jul-14,9.97,11.26,10.11
21-Jul-14,9.35,11.13,9.85
22-Jul-14,9.12,10.91,9.57
23-Jul-14,7.8,10.94,8.09
24-Jul-14,8.57,11.22,8.88
25-Jul-14,9.97,,9.97
29-Jul-14,9.37,11,10.19
30-Jul-14,9.24,10.91,9.99
31-Jul-14,10,10.78,10.2
,,,
01-Aug-14,10.29,10.75,10.34
04-Aug-14,10.77,,10.77
05-Aug-14,8.06,10.83,9.34
06-Aug-14,10.06,11.04,10.45
07-Aug-14,10.58,11.22,10.76
08-Aug-14,10.27,10.85,10.31
11-Aug-14,9.97,11.03,10.09
12-Aug-14,10.24,10.86,10.55
13-Aug-14,10.14,11,10.61
14-Aug-14,10.18,11,10.23
15-Aug-14,9.13,11,9.26
18-Aug-14,9.81,11,9.99
19-Aug-14,10.62,11.15,10.67
20-Aug-14,11.12,11.06,11.1
21-Aug-14,10.67,11.43,10.87
22-Aug-14,7.46,11,8.08
25-Aug-14,9.22,10.98,10
26-Aug-14,7.6,11.01,8.69
27-Aug-14,8.03,11,8.57
28-Aug-14,7.58,10.97,8.45
29-Aug-14,7.84,,7.84
,,,
02-Sep-14,7.84,10.98,8.51
03-Sep-14,8.48,11,9.09
04-Sep-14,8.59,12.42,8.96
05-Sep-14,6.4,11,6.5
08-Sep-14,9.15,11,9.6
09-Sep-14,8.56,11,8.95
10-Sep-14,8.43,11,8.84
11-Sep-14,7.55,10.93,7.89
12-Sep-14,7.93,10.93,7.93
15-Sep-14,9.15,11,9.25
16-Sep-14,8.56,10.94,8.68
17-Sep-14,8.96,11.09,10.13
18-Sep-14,9.97,11.14,10.17
19-Sep-14,7.95,10.94,8.33
22-Sep-14,9.22,11,10.81
23-Sep-14,10.09,11.05,10.66
24-Sep-14,9.41,10.98,10.18
25-Sep-14,7.5,10.95,8.55
26-Sep-14,8.32,10.42,9.05
29-Sep-14,7.67,10.42,7.67
30-Sep-14,9,10.92,9.53
,,,
01-Oct-14,8.81,10.95,9.81
02-Oct-14,7.14,11,7.64
03-Oct-14,6.9,10.25,7.09
06-Oct-14,8.93,10.99,10.24
07-Oct-14,9.7,10.82,10.18
08-Oct-14,8.85,10.9,9.01
10-Oct-14,8.54,11.04,9.22
13-Oct-14,9.48,10.98,10.13
14-Oct-14,9.63,11.19,10.25
15-Oct-14,8.58,11,9.43
16-Oct-14,8.5,10.98,9.2
17-Oct-14,9.96,10.98,9.96
20-Oct-14,10.88,10.93,10.9
21-Oct-14,10.93,11,10.94
22-Oct-14,11.42,11.08,11.29
23-Oct-14,11.43,11.61,11.47
24-Oct-14,10.94,11.55,11.1
27-Oct-14,9.05,11.07,9.8
28-Oct-14,9.42,11.31,9.78
29-Oct-14,8.21,11,8.75
30-Oct-14,8.46,11,8.89
31-Oct-14,8.5,11,8.5
,,,
03-Nov-14,8.25,11,9.32
04-Nov-14,9,11.12,9.5
05-Nov-14,9.1,11,9.55
06-Nov-14,8.22,11,8.33
07-Nov-14,6.98,11,7.22
10-Nov-14,7.44,11,8.43
11-Nov-14,7.72,11.1,8.22
12-Nov-14,7.91,11.05,8.73
13-Nov-14,5.76,11,6.51
14-Nov-14,6.25,11.29,6.45
17-Nov-14,8.38,11,8.81
18-Nov-14,9.9,11,10.01
19-Nov-14,10.29,11.8,10.35
20-Nov-14,10.07,11.17,10.12
21-Nov-14,9.74,10.85,9.84
24-Nov-14,8.65,11,8.86
25-Nov-14,5.98,10.88,6.31
26-Nov-14,7.33,10.86,8.12
27-Nov-14,9.34,11,9.52
28-Nov-14,7.48,11,7.48
,,,
01-Dec-14,8.59,10.17,10.82
02-Dec-14,8.63,11,8.73
03-Dec-14,9.4,11,9.59
04-Dec-14,9.62,11.15,10.04
05-Dec-14,9.32,11.15,9.32
08-Dec-14,8.75,11,9.13
09-Dec-14,9.57,10.81,9.85
10-Dec-14,9.6,10.95,10.14
11-Dec-14,8.23,11,8.28
12-Dec-14,8.53,11,8.53
15-Dec-14,9.6,11.5,10.11
16-Dec-14,10.52,11.07,10.86
17-Dec-14,9.56,11.4,10.6
18-Dec-14,9.73,11.47,10.24
19-Dec-14,8.1,11.47,8.4
22-Dec-14,10.08,11.06,10.23
23-Dec-14,10.76,11.34,10.84
24-Dec-14,10.68,11.34,10.68
29-Dec-14,9.85,11.03,10.73
30-Dec-14,7.69,11.03,7.69
31-Dec-14,4.05,8.71,4.5
,,,
02-Jan-15,9.6,10.98,9.86
05-Jan-15,10.59,10.89,10.76
06-Jan-15,10.23,11,10.27
07-Jan-15,11.25,11.54,11.3
08-Jan-15,9.99,12.04,10.46
09-Jan-15,8.44,11,8.5
12-Jan-15,10.61,11.08,10.91
13-Jan-15,11.08,11.48,11.17
14-Jan-15,11.76,12.4,11.98
15-Jan-15,12.19,12.34,12.26
16-Jan-15,12.87,13.95,13.04
19-Jan-15,13.34,13,13.24
20-Jan-15,14.22,14.64,14.4
21-Jan-15,13.44,15.26,14.04
22-Jan-15,10.33,12,10.41
23-Jan-15,4.94,10.61,5.35
27-Jan-15,11.34,13.27,11.88
28-Jan-15,12.46,11.88,12.36
29-Jan-15,9.38,11.5,9.57
30-Jan-15,6.74,11.25,6.97
,,,
02-Feb-15,8.85,11,8.9
03-Feb-15,5.56,11,5.99
04-Feb-15,10.2,11.44,10.26
05-Feb-15,10.43,11.85,10.65
06-Feb-15,9.73,12.06,9.85
09-Feb-15,9.6,12.04,9.99
10-Feb-15,9.57,11.2,9.72
11-Feb-15,9.33,11.7,10.17
12-Feb-15,8.69,12.42,9.89
13-Feb-15,5.37,11.61,6.11
16-Feb-15,8.06,12,8.16
17-Feb-15,9.57,11.29,10.12
18-Feb-15,9.68,11.6,10.12
19-Feb-15,9.04,11.5,9.15
20-Feb-15,5.86,10.62,6.09
23-Feb-15,9.96,10.97,10.34
24-Feb-15,10.06,11.67,10.25
25-Feb-15,10.81,12.38,11.45
26-Feb-15,9.44,12.11,9.91
27-Feb-15,8.02,11.51,8.44
,,,
02-Mar-15,8.99,11.5,9.86
03-Mar-15,8.99,11.78,9.64
04-Mar-15,8.99,11.88,9.85
05-Mar-15,8.47,11.79,9.04
06-Mar-15,4.64,11.26,5.49
09-Mar-15,10.56,11.47,10.93
10-Mar-15,10.67,11.91,11.15
11-Mar-15,10.43,12.3,11
12-Mar-15,12.67,14.57,13.45
13-Mar-15,15,17.6,15.4
16-Mar-15,18.84,19.24,18.92
17-Mar-15,22.86,22.82,22.86
18-Mar-15,26.15,22.4,24.29
19-Mar-15,22.58,23.11,22.71
20-Mar-15,18.31,18.33,18.32
23-Mar-15,20.05,21.29,20.38
24-Mar-15,13.95,14.36,14.08
25-Mar-15,9.19,11.63,10.51
26-Mar-15,9.22,11,9.29
27-Mar-15,8.58,11.57,9.39
30-Mar-15,9.47,11.14,9.9
31-Mar-15,9.85,11.54,10.49
,,,
01-Apr-15,10.74,11.17,10.84
02-Apr-15,12.16,12.42,12.16
07-Apr-15,10.16,11.45,10.42
08-Apr-15,10.94,12.75,11.2
09-Apr-15,11.98,12.57,12.04
10-Apr-15,10.79,12.5,10.98
13-Apr-15,9.29,12.06,9.72
14-Apr-15,9.17,11.65,9.84
15-Apr-15,10.21,13.09,10.36
16-Apr-15,11.57,13.27,11.78
17-Apr-15,10.39,12,10.4
20-Apr-15,12.52,13.55,12.71
21-Apr-15,11.48,12.67,11.72
22-Apr-15,11.52,12,11.62
23-Apr-15,11.84,13.18,11.99
24-Apr-15,11.64,12,11.65
27-Apr-15,11.99,13,12.07
28-Apr-15,11.56,13,11.52
29-Apr-15,10.34,12.07,10.86
30-Apr-15,8.79,12,9.28
,,,
04-May-15,9.98,12.27,10.77
05-May-15,9.32,12.27,10.5
06-May-15,9.2,12,9.61
07-May-15,8.4,12,8.96
08-May-15,6.14,11,6.2
11-May-15,6.22,11,6.72
12-May-15,9.41,11.83,10.6
13-May-15,9.84,12,10.19
14-May-15,9.25,12,9.66
15-May-15,7.21,12,7.21
18-May-15,10.02,12.32,10.56
19-May-15,9.74,12,10.06
20-May-15,10.37,12.41,11.02
21-May-15,9.77,12,10.28
22-May-15,7.21,12,7.8
25-May-15,9.02,12.12,9.58
26-May-15,9.92,12.24,10.23
27-May-15,12.47,12.42,12.46
28-May-15,10.35,13.04,10.8
29-May-15,5.34,11.92,6.95
,,,
01-Jun-15,8.67,12.21,10.46
02-Jun-15,10.11,12,10.19
04-Jun-15,11.25,12.11,11.72
05-Jun-15,8.74,12.32,9.445
08-Jun-15,10.34,12.66,11.116
10-Jun-15,10.89,12.72,11.59
11-Jun-15,10.87,12.19,11.38
12-Jun-15,6.88,12.25,6.99
15-Jun-15,10,12.63,11.43
16-Jun-15,11.11,13.56,11.96
17-Jun-15,12.84,13.64,13.2
18-Jun-15,13.34,14.43,13.87
19-Jun-15,14.03,14,14.03
22-Jun-15,13.88,15.78,14.25
23-Jun-15,14.1,15,14.19
24-Jun-15,14.46,15.2,14.63
25-Jun-15,12.51,14.1,13.08
26-Jun-15,4.42,13.45,7.12
29-Jun-15,12.89,13.77,13.42
30-Jun-15,14.01,14.9,14.24
,,,
01-Jul-15,14.36,15.33,14.93
02-Jul-15,12.08,13.69,12.64
03-Jul-15,11.98,14.5,12.57
06-Jul-15,13.8,15.34,14.72
07-Jul-15,14.74,16.22,15.47
08-Jul-15,16.31,16.21,16.29
09-Jul-15,18.58,19,18.65
10-Jul-15,21.21,18,21.18
13-Jul-15,20.78,20.2,20.74
14-Jul-15,22.77,21.52,22.37
15-Jul-15,18.59,18.28,18.52
16-Jul-15,19.12,21.36,19.2
20-Jul-15,19.34,19.81,19.38
21-Jul-15,16.43,19.35,16.75
22-Jul-15,15.71,17.09,16.03
23-Jul-15,15.25,16,15.32
24-Jul-15,11.06,17.5,12.61
27-Jul-15,16.37,17.47,16.78
28-Jul-15,16.48,17.71,16.87
29-Jul-15,17.06,17.54,17.1
30-Jul-15,16.47,15.19,15.89
31-Jul-15,8.71,15.19,8.71
,,,
03-Aug-15,7.18,14.74,8.85
04-Aug-15,4.8,14.5,9
05-Aug-15,2.65,14.3,5.66
06-Aug-15,6.45,14.55,8.7
07-Aug-15,6.69,15.13,7.39
10-Aug-15,15.22,16.36,15.68
11-Aug-15,19.47,20.47,19.93
12-Aug-15,20.56,22.23,21.48
13-Aug-15,18.57,20.97,20.12
14-Aug-15,10.02,20.97,10.02
17-Aug-15,10.09,16,10.4
18-Aug-15,6.88,17,8.49
19-Aug-15,5.56,15.18,11.65
20-Aug-15,7.72,16.16,12.09
21-Aug-15,4.43,13.27,6.71
24-Aug-15,13.39,16.93,14.72
25-Aug-15,14.71,17.86,15.68
26-Aug-15,16.32,19.86,17.23
27-Aug-15,18.36,19.41,18.76
28-Aug-15,19.06,18.22,18.9
31-Aug-15,16.93,17.83,17.06
,,,
01-Sep-15,17.63,18.51,17.91
02-Sep-15,19.53,20.17,19.42
03-Sep-15,19.43,19.71,19.54
04-Sep-15,15.04,19.44,15.78
07-Sep-15,17.95,20.16,18.99
08-Sep-15,16.62,19.03,17.45
09-Sep-15,17.52,19.2,18.2
10-Sep-15,13.28,18.92,15.38
11-Sep-15,8.61,16.6,9.59
14-Sep-15,11.27,15.96,13.06
15-Sep-15,8.55,16,11.76
16-Sep-15,8.02,16.21,10.84
17-Sep-15,9.43,16,9.73
18-Sep-15,6.27,16,6.27
21-Sep-15,14.81,17.27,15.71
22-Sep-15,15,18.01,15.8
23-Sep-15,10.09,16,10.49
25-Sep-15,5.75,16,5.75
28-Sep-15,6.26,16.19,9.23
29-Sep-15,11.25,16.71,11.8
30-Sep-15,8.6,16.71,8.6
,,,
01-Oct-15,6.89,16,7.56
02-Oct-15,3.7,16,3.83
05-Oct-15,11.19,16.74,13.73
06-Oct-15,12.88,17.06,13.56
07-Oct-15,13.39,17.5,13.48
08-Oct-15,13.32,16.91,13.73
12-Oct-15,12.75,16.91,14.79
13-Oct-15,13.3,17.81,14.82
14-Oct-15,14.53,18.94,16.21
15-Oct-15,12.95,16.54,13.65
16-Oct-15,12.06,17.25,12.33
19-Oct-15,15.36,17.64,16.5
20-Oct-15,15.78,17.68,16.48
21-Oct-15,16.21,18.25,16.76
22-Oct-15,15.22,17,15.27
23-Oct-15,7.63,17,7.85
26-Oct-15,16.18,17.85,16.48
27-Oct-15,15.87,18.09,15.98
28-Oct-15,12.31,17.77,12.83
29-Oct-15,8.88,16.86,10.06
30-Oct-15,5.06,17,5.57
,,,
02-Nov-15,12.44,17.38,13.85
03-Nov-15,13.09,17.65,15.86
04-Nov-15,11.42,16.69,12.78
05-Nov-15,12.1,17,12.49
06-Nov-15,11.22,17.11,11.78
09-Nov-15,10.7,16.12,13.07
10-Nov-15,10.13,17.35,13.03
11-Nov-15,9.98,17.14,11.43
12-Nov-15,10.71,17.2,10.99
13-Nov-15,10.73,17.53,12.47
16-Nov-15,12.09,17.06,14.24
17-Nov-15,11.53,17.54,13.33
18-Nov-15,13.49,17.45,14.83
19-Nov-15,12.52,17.25,13.89
20-Nov-15,12.91,17.86,14.09
23-Nov-15,12.61,17.65,13.58
24-Nov-15,11.44,17.71,13.66
25-Nov-15,10.93,17.72,12.2
26-Nov-15,8.27,17.88,8.82
27-Nov-15,9.29,16.9,10.39
30-Nov-15,12.29,17.43,13.57
,,,
01-Dec-15,12.79,17.83,13.68
02-Dec-15,14.4,19.55,16.15
03-Dec-15,13.84,18.2,14.7
04-Dec-15,13.78,17.97,14.21
07-Dec-15,12.43,17.7,13.85
08-Dec-15,11.15,18.74,13.01
09-Dec-15,10.48,18.06,11.95
10-Dec-15,10.45,18.8,11.32
11-Dec-15,6.95,17.02,9.54
14-Dec-15,11.97,18,13.47
15-Dec-15,10.91,17.74,12.17
16-Dec-15,12.14,18.19,13.69
17-Dec-15,11.48,18.12,12.52
18-Dec-15,11.6,17.09,12.65
21-Dec-15,14.5,18.18,15.85
22-Dec-15,15.27,18.72,16.73
23-Dec-15,14.28,17.2,14.74
24-Dec-15,12.99,17.2,12.92
28-Dec-15,15.92,18.26,16.94
29-Dec-15,15.53,18.6,17.08
30-Dec-15,16.36,17.96,17.52
31-Dec-15,13.95,17.67,14.64
,,,
04-Jan-16,15.25,17.74,15.78
05-Jan-16,14.88,17.83,16.66
06-Jan-16,12.85,17.09,13.81
07-Jan-16,7.27,17.61,7.77
08-Jan-16,5.09,18,6.36
11-Jan-16,9.47,17,13.23
12-Jan-16,8.44,17.77,11.77
13-Jan-16,12.84,18.3,14.58
14-Jan-16,11.83,18.63,13.9
15-Jan-16,11.67,18.5,11.98
18-Jan-16,13.35,18.83,14.36
19-Jan-16,12.55,18.36,14.04
20-Jan-16,13.05,18,13.16
21-Jan-16,11.72,17.82,12.64
22-Jan-16,9.11,17.75,9.78
25-Jan-16,13.83,18.83,16.23
27-Jan-16,14.04,19.11,15.51
28-Jan-16,12.93,17.81,13.38
29-Jan-16,11.01,17.4,11.6
,,,
01-Feb-16,9.97,17.87,10.65
02-Feb-16,10.86,18.14,11.44
03-Feb-16,11.47,18,12.63
04-Feb-16,8.79,17.07,10.67
05-Feb-16,6.58,17.58,7.89
08-Feb-16,13.28,17.62,14.63
09-Feb-16,11.67,17.36,12.44
10-Feb-16,10.9,17.51,12.31
11-Feb-16,12.67,17,14.11
12-Feb-16,12.91,17.4,13.21
15-Feb-16,14.03,18.11,14.81
17-Feb-16,13.05,17.91,15.44
19-Feb-16,9.07,17.07,12.48
22-Feb-16,9.69,17.8,11.16
23-Feb-16,8.36,17.1,9.4
25-Feb-16,11.38,17.29,13.24
26-Feb-16,12.17,17.06,13.82
29-Feb-16,13.15,17.31,14.03
,,,
01-Mar-16,10.77,17.5,10.8
02-Mar-16,9.39,17.08,10.59
03-Mar-16,9.34,16.62,12.73
04-Mar-16,9.33,17.34,11.56
07-Mar-16,11.22,17.44,13.18
09-Mar-16,10.91,17,11.94
10-Mar-16,11.97,17.17,13.71
11-Mar-16,8.41,17.53,9.73
14-Mar-16,8.79,17.27,11.02
15-Mar-16,7.19,17.5,7.35
16-Mar-16,6.15,17.5,6.15
17-Mar-16,7.08,15.86,9.79
18-Mar-16,8.47,17,9.73
21-Mar-16,11.08,17,12.6
22-Mar-16,11.79,17,12.22
23-Mar-16,11.65,17.5,12.04
24-Mar-16,13.03,17.12,14.4
29-Mar-16,13.48,17.33,15.17
30-Mar-16,11.78,17.5,11.91
31-Mar-16,12.84,17.32,14.04
,,,
01-Apr-16,12.69,17.15,12.86
04-Apr-16,10.06,17,10.16
05-Apr-16,7.95,16.5,9.06
06-Apr-16,4.98,16.5,5.29
07-Apr-16,11.13,16.49,13.89
08-Apr-16,10.64,16.5,10.95
11-Apr-16,9.29,16.5,10.73
12-Apr-16,12.05,16.4,13.57
13-Apr-16,10.85,16.5,11.36
14-Apr-16,12.2,16.5,14.37
15-Apr-16,8.34,16.44,8.95
18-Apr-16,12.54,16.43,12.82
19-Apr-16,14.34,16.68,14.64
20-Apr-16,16.74,16.68,16.74
21-Apr-16,13.5,16.13,14.17
22-Apr-16,13.54,16,13.77
25-Apr-16,13.72,16,13.91
26-Apr-16,13.78,16,13.97
27-Apr-16,13.6,16,13.6
28-Apr-16,11.85,16.18,12.82
29-Apr-16,13.09,15.75,13.27
,,,
02-May-16,13.03,15.75,13.03
03-May-16,10.51,16,10.74
04-May-16,8.47,16,8.47
05-May-16,11.8,16.06,12.38
06-May-16,12.27,16.11,13.83
09-May-16,10.79,15.36,11.51
10-May-16,12.53,16.17,13.35
11-May-16,12.43,16.17,12.43
13-May-16,11.01,16.27,12.29
16-May-16,8.85,16.04,9.13
17-May-16,7.43,15.61,8.47
18-May-16,12.23,16.12,12.52
19-May-16,13.84,16.21,14.54
20-May-16,12.52,16.19,13.86
23-May-16,14.27,16.46,14.89
24-May-16,14.38,16.3,14.68
25-May-16,14.45,16.24,15.14
26-May-16,14.9,16.18,15.74
27-May-16,12.89,16.23,13.81
30-May-16,14.04,16.56,15.19
31-May-16,13.37,16.67,13.56
,,,
01-Jun-16,13.34,16.28,14.2
02-Jun-16,14,16.15,15.23
06-Jun-16,13.95,16.23,15.03
07-Jun-16,12.52,16.04,12.83
08-Jun-16,14.95,16.15,15.3
10-Jun-16,15.37,16.24,15.62
13-Jun-16,14.16,16.24,14.99
14-Jun-16,13.82,15.27,13.94
15-Jun-16,12.05,15.56,12.49
16-Jun-16,13.7,15.75,14.35
17-Jun-16,16.71,15.44,16.03
20-Jun-16,13.81,15.08,14.34
21-Jun-16,12.09,15,12.14
22-Jun-16,12.17,15.18,12.93
23-Jun-16,14.34,15.29,14.94
24-Jun-16,13.86,15.25,13.91
27-Jun-16,13.48,15.14,13.62
28-Jun-16,13.16,15.36,14.02
29-Jun-16,13.42,15.25,13.78
30-Jun-16,13.37,16.67,13.56
,,,
01-Jul-16,13.68,15.08,13.82
04-Jul-16,14.88,15.14,14.91
05-Jul-16,15.17,15.43,15.24
07-Jul-16,15.32,15.28,15.32
08-Jul-16,16.56,15.3,15.97
11-Jul-16,11.81,15.25,12.76
12-Jul-16,10.23,15.38,10.56
13-Jul-16,12.12,15.13,12.28
14-Jul-16,14.24,15.13,14.71
15-Jul-16,11.49,15.24,12.04
18-Jul-16,11.97,15.43,12.99
19-Jul-16,14.07,15.4,14.15
20-Jul-16,14.76,15.75,14.82
21-Jul-16,14.15,15.49,14.95
22-Jul-16,13.56,16.11,13.87
25-Jul-16,14.15,15.58,14.53
26-Jul-16,14.16,15.5,14.37
27-Jul-16,12.14,15.29,12.41
28-Jul-16,13.19,15.52,14.19
29-Jul-16,13.9,15.34,14.24
,,,
01-Aug-16,12,15.45,12.99
02-Aug-16,11.71,15.35,12.19
03-Aug-16,13.56,15.93,14.06
04-Aug-16,13.3,15.28,14.52
05-Aug-16,13.1,15.26,13.54
08-Aug-16,14.02,15.25,14.29
09-Aug-16,11.16,15.25,11.16
10-Aug-16,13.22,14.25,13.31
11-Aug-16,12.43,14.22,13.2
12-Aug-16,11.93,14.3,12.69
15-Aug-16,12.98,14.36,13.23
16-Aug-16,13.36,14.42,13.43
17-Aug-16,13.71,14.72,13.87
18-Aug-16,13.61,14.31,13.91
19-Aug-16,13.34,14.26,13.55
22-Aug-16,13.14,14.43,13.44
23-Aug-16,13.03,14.24,13.23
24-Aug-16,10.97,14.38,11.07
25-Aug-16,13.14,14.21,13.55
26-Aug-16,13.22,14.22,13.33
29-Aug-16,12.88,14.43,13.15
30-Aug-16,11.04,14.53,11.17
31-Aug-16,12.97,15.17,13.07
,,,
01-Sep-16,12.34,14.2,12.95
02-Sep-16,13.15,14.4,13.53
05-Sep-16,12.21,14.03,11.92
06-Sep-16,9.96,14.17,10.17
07-Sep-16,10.9,14.06,11.58
08-Sep-16,12.04,14.14,12.81
09-Sep-16,13.15,14.23,13.38
13-Sep-16,12.15,14.2,12.73
14-Sep-16,12.13,14.31,12.67
15-Sep-16,12.14,14.2,12.6
16-Sep-16,12.36,14.14,13.05
19-Sep-16,12.26,14.33,12.8
20-Sep-16,12.43,14.19,12.67
21-Sep-16,11.66,14.21,11.84
22-Sep-16,13.22,14.17,13.81
23-Sep-16,12.3,14.28,12.71
26-Sep-16,12.47,14.2,13.3
27-Sep-16,12.41,14.03,12.85
28-Sep-16,11.69,14.26,11.87
29-Sep-16,12.79,14.22,13.65
30-Sep-16,11.11,14.19,11.42
,,,
03-Oct-16,12.96,14.22,13.06
04-Oct-16,13.89,14.59,13.95
05-Oct-16,14.98,14.25,14.96
06-Oct-16,14.17,14.3,14.22
07-Oct-16,12.37,14.32,12.89
10-Oct-16,13.29,14.15,13.41
11-Oct-16,13.24,14.13,13.5
12-Oct-16,13.45,14.3,13.77
13-Oct-16,11.93,14.24,12.18
14-Oct-16,11.68,14.03,12.11
17-Oct-16,11.96,14.06,12.22
18-Oct-16,10.54,14.18,11.02
19-Oct-16,9.47,13.55,9.83
20-Oct-16,13.3,13.18,13.27
21-Oct-16,13.16,13.19,13.17
24-Oct-16,12.63,13.49,13
25-Oct-16,11.17,13.53,11.72
26-Oct-16,12.03,13.44,12.41
27-Oct-16,13.32,13.27,13.29
28-Oct-16,12.92,13.36,13
31-Oct-16,9.54,13.19,9.54
,,,
01-Nov-16,12.65,13.18,12.76
02-Nov-16,10.89,13.16,11.15
03-Nov-16,13.33,13.41,13.39
04-Nov-16,11.46,13.65,11.81
07-Nov-16,11.2,13.25,11.37
08-Nov-16,9.6,13.43,10.15
09-Nov-16,9.21,13.49,9.77
10-Nov-16,11.02,13.37,11.88
11-Nov-16,11.34,13.35,11.71
12-Nov-16,10.74,13.19,11
15-Nov-16,11.13,13.28,11.43
16-Nov-16,10.7,14.5,11.04
17-Nov-16,13.2,13.35,13.27
18-Nov-16,13.29,13.41,13.3
21-Nov-16,12.63,13.21,12.86
22-Nov-16,11.5,13.55,12.18
23-Nov-16,12.85,13.3,12.94
24-Nov-16,12.92,13.49,13.12
25-Nov-16,12.29,13.22,12.36
28-Nov-16,11.88,13.36,12.41
29-Nov-16,10.52,13.33,11.02
30-Nov-16,10.45,13.16,10.71
,,,
01-Dec-16,10.46,13.25,11.63
02-Dec-16,9.98,13.25,10.05
05-Dec-16,10.52,13.29,10.92
06-Dec-16,12.43,13.25,12.51
07-Dec-16,13.16,13.3,13.23
08-Dec-16,13.13,13.2,13.15
09-Dec-16,12.82,12.88,12.82
12-Dec-16,11.61,12.9,11.72
13-Dec-16,11.04,13.05,11.93
14-Dec-16,6.78,7.41,10.4
15-Dec-16,9.38,12.17,10.14
16-Dec-16,10.56,12.17,10.56
19-Dec-16,11.76,12.52,12.08
20-Dec-16,11.99,12,12.25
21-Dec-16,12.45,12.39,12.44
22-Dec-16,9.57,12.22,11.3
23-Dec-16,10.23,12.22,10.23
27-Dec-16,8.66,12,8.91
28-Dec-16,9.13,12,9.76
29-Dec-16,10.98,12.19,11.14
30-Dec-16,7.7,12.19,7.7
,,,
02-Jan-17,11.17,12.26,11.42
03-Jan-17,12.07,12.51,12.16
04-Jan-17,11.85,12.49,12.03
05-Jan-17,11.79,12.2,12.12
06-Jan-17,10.81,12.07,11.07
09-Jan-17,11.79,12.22,11.86
10-Jan-17,11.52,12.17,11.55
11-Jan-17,11.56,12.13,11.57
12-Jan-17,11.61,12.23,11.78
13-Jan-17,10.5,12,10.6
16-Jan-17,9.42,12,9.79
17-Jan-17,11.37,12,11.41
18-Jan-17,11,12.31,11.68
19-Jan-17,12.9,12.44,12.57
20-Jan-17,9.61,12,9.64
23-Jan-17,8.51,12.11,9.05
24-Jan-17,9.78,12.11,9.78
25-Jan-17,11.14,12.34,11.41
27-Jan-17,10.72,12.34,11.52
30-Jan-17,9.95,12,10.29
31-Jan-17,8.43,12,8.43
,,,
01-Feb-17,11.31,12.44,12.27
02-Feb-17,9.76,12.45,10.75
03-Feb-17,8.55,12.45,8.55
06-Feb-17,8.06,12.45,8.06
07-Feb-17,8.6,11.38,8.73
08-Feb-17,8.36,9.83,8.5
09-Feb-17,11.07,12.18,11.65
10-Feb-17,9.41,12.22,10.09
13-Feb-17,10.19,12.1,10.24
14-Feb-17,8.97,11.25,9.2
15-Feb-17,9.42,11.25,9.9
17-Feb-17,10.57,11.78,10.68
20-Feb-17,11.5,11.69,11.55
21-Feb-17,10.06,11.44,10.22
22-Feb-17,8.54,11,8.61
23-Feb-17,10.47,11.75,10.82
24-Feb-17,10.01,11.91,10.59
27-Feb-17,11.06,11.84,11.13
28-Feb-17,11.73,11.5,11.73
,,,
01-Mar-17,10.92,11.5,10.96
02-Mar-17,10.05,11.84,11.17
03-Mar-17,9.63,11.5,9.66
06-Mar-17,9.97,11.5,9.97
07-Mar-17,10.85,11.5,10.85
09-Mar-17,10.64,11.72,11.07
10-Mar-17,8.78,11.5,8.88
13-Mar-17,9.53,11.78,9.84
14-Mar-17,8.93,11.55,9.06
15-Mar-17,9.27,11.5,9.38
16-Mar-17,8.33,11.68,8.93
17-Mar-17,9.24,11.47,9.56
20-Mar-17,9.66,11.56,9.89
21-Mar-17,9.65,11.6,9.7
22-Mar-17,10.52,11.68,10.75
23-Mar-17,11.22,11.68,11.46
24-Mar-17,9.43,11.82,9.8
27-Mar-17,11.21,11.7,11.45
28-Mar-17,9.31,11.89,9.54
29-Mar-17,9.69,11.76,9.88
30-Mar-17,11.16,11.66,11.32
31-Mar-17,10.32,11.52,10.61
,,,
03-Apr-17,10.59,11.65,10.66
04-Apr-17,11.53,12.44,11.61
05-Apr-17,10.49,12.08,10.69
06-Apr-17,10.54,11.54,10.84
07-Apr-17,9.98,11.54,10.35
10-Apr-17,8.85,11.6,9.22
11-Apr-17,10.05,11.54,10.17
12-Apr-17,10.74,11.63,10.79
13-Apr-17,9.82,11.27,10.15
18-Apr-17,8.52,11.19,9.04
19-Apr-17,7.8,11.29,8.1
20-Apr-17,10.07,11.4,10.54
21-Apr-17,10.06,12,10.12
24-Apr-17,10.14,12,10.18
25-Apr-17,9.65,11.51,9.82
26-Apr-17,9.16,11.04,9.24
27-Apr-17,11.33,11.76,11.57
28-Apr-17,11.33,11,11.29
,,,
02-May-17,9.55,11.12,9.67
03-May-17,10.21,11.15,10.22
04-May-17,10.09,11.47,10.61
05-May-17,10.94,11.2,11
08-May-17,10.54,11.13,10.61
09-May-17,10.17,11.25,10.22
10-May-17,10.5,11.15,10.55
11-May-17,8.67,11.1,9.05
12-May-17,8.62,11.1,8.62
15-May-17,8.7,11.1,8.71
16-May-17,7.76,11.33,7.92
17-May-17,5.71,11.25,6.57
18-May-17,10.72,11.2,9.2
19-May-17,10.88,11.31,10.94
22-May-17,11.69,11.75,11.69
23-May-17,11,11.23,11.03
24-May-17,10.79,11.12,10.92
25-May-17,9.15,11.25,10.61
26-May-17,10.19,11.3,10.3
29-May-17,9.95,11.64,10.23
30-May-17,9.88,11.08,10.16
31-May-17,6.61,11.03,7.28
,,,
01-Jun-17,10.91,11.19,11.13
02-Jun-17,10.36,10.59,10.45
05-Jun-17,9.39,11.39,9.67
06-Jun-17,9.72,11.38,9.83
07-Jun-17,9.57,11.29,9.81
08-Jun-17,9.23,11.23,9.97
12-Jun-17,9.06,11.25,9.12
13-Jun-17,7.77,11,7.94
14-Jun-17,8.47,11.06,8.69
15-Jun-17,9.28,10.23,10.23
16-Jun-17,10.16,11.61,10.78
19-Jun-17,9.97,11.16,10.07
20-Jun-17,8.35,10.88,8.76
21-Jun-17,9.48,10.68,9.74
22-Jun-17,10.16,10.29,10.23
23-Jun-17,10.25,11.02,10.51
26-Jun-17,6.86,10.22,10.51
27-Jun-17,6.41,10.2,7.33
28-Jun-17,4.07,10.2,4.07
29-Jun-17,8.41,10.22,9.15
30-Jun-17,8.7,10,8.74
,,,
03-Jul-17,7.19,10.22,7.48
04-Jul-17,6.5,10.24,6.75
05-Jul-17,8.29,10.24,8.29
06-Jul-17,8,10.19,8.54
07-Jul-17,6.44,10.31,6.7
10-Jul-17,6.24,10.2,6.46
11-Jul-17,5.68,10.23,6.31
12-Jul-17,5.2,10.18,5.29
13-Jul-17,7.34,10.16,8.34
14-Jul-17,8.86,10.16,9.18
17-Jul-17,7.52,10.57,7.71
18-Jul-17,9.84,10.3,9.93
19-Jul-17,10.28,10,10.26
20-Jul-17,11.72,10.57,11.23
21-Jul-17,11.32,11.71,11.34
24-Jul-17,10.48,11.63,10.63
25-Jul-17,7.25,10.64,7.86
26-Jul-17,4.87,-,4.87
27-Jul-17,10.58,10.85,10.69
28-Jul-17,9.35,10.63,9.41
31-Jul-17,7.93,11.41,8.69
,,,
01-Aug-17,8.24,10.8,8.34
02-Aug-17,7.29,10.9,8.3
03-Aug-17,8.81,10.7,9.33
04-Aug-17,8,11.31,8.44
07-Aug-17,6.33,10.21,7.07
08-Aug-17,4.97,10.41,5.27
09-Aug-17,5.03,10.12,5.49
10-Aug-17,6.99,10.09,8.49
11-Aug-17,8.36,10.31,9.12
14-Aug-17,7.64,10.21,7.89
15-Aug-17,8.86,10.38,9
16-Aug-17,8.56,10.08,8.77
17-Aug-17,9.37,10.37,9.79
18-Aug-17,10.1,10.59,10.19
21-Aug-17,8.22,10.43,8.35
22-Aug-17,10,10.28,10
23-Aug-17,8.03,10.15,8.04
24-Aug-17,10,10.34,10.31
25-Aug-17,9.22,10.3,9.54
28-Aug-17,7.74,10.56,8.15
29-Aug-17,6.97,10.29,7.49
30-Aug-17,10,10.32,10.08
31-Aug-17,8.66,10.44,9.43
,,,
04-Sep-17,10.75,10.38,10.67
05-Sep-17,10.14,10.53,10.16
06-Sep-17,8.75,10.73,9.03
07-Sep-17,7.85,10.54,8.86
08-Sep-17,8.46,10.19,8.69
11-Sep-17,9.57,10.88,9.65
12-Sep-17,9.96,10.24,9.99
13-Sep-17,8.63,10.15,8.65
14-Sep-17,10,10.26,10.17
15-Sep-17,7.67,10.31,7.91
18-Sep-17,7.2,10.5,7.24
19-Sep-17,6.17,10.33,6.49
20-Sep-17,5.73,10.4,5.89
21-Sep-17,9.34,10.33,9.73
22-Sep-17,8.86,10.26,9.21
25-Sep-17,7.99,10.3,8.32
26-Sep-17,7.58,10.25,7.72
27-Sep-17,7.43,10.6,7.64
28-Sep-17,9.85,10.38,10.13
29-Sep-17,8,10.5,8.27
,,,
02-Oct-17,7.91,11.5,8.03
03-Oct-17,8.27,10.43,8.5
04-Oct-17,9.17,10.67,9.22
05-Oct-17,9.59,10.03,9.86
06-Oct-17,9.72,9.96,9.8
10-Oct-17,8.8,10.06,9
11-Oct-17,8.39,10.23,8.69
12-Oct-17,8.32,9.73,9.33
13-Oct-17,8.92,9.75,9.1
16-Oct-17,9.03,9.72,9.19
17-Oct-17,10.55,9.84,10.52
18-Oct-17,6.99,9.7,7.16
19-Oct-17,9.65,9.87,9.86
20-Oct-17,8.72,9.71,8.82
23-Oct-17,7.66,9.58,7.99
24-Oct-17,6.82,9.72,7.21
25-Oct-17,9.09,9.8,9.16
26-Oct-17,8.71,9.85,9.25
27-Oct-17,7.49,9.43,7.64
30-Oct-17,7.62,9.58,8.31
31-Oct-17,7.46,9.5,7.9
,,,
01-Nov-17,7.25,9.5,7.25
02-Nov-17,7.92,9.54,8.65
03-Nov-17,5.17,9.68,5.43
06-Nov-17,8.5,9.62,8.65
07-Nov-17,9.49,9.62,9.49
08-Nov-17,9.49,9.7,9.53
09-Nov-17,9.58,9.69,9.64
10-Nov-17,8.1,9.5,8.21
13-Nov-17,9.38,9.45,9.39
14-Nov-17,9.84,9.5,9.84
15-Nov-17,8.91,9.5,8.92
16-Nov-17,9.57,9.66,9.63
17-Nov-17,8.89,9.63,9.04
20-Nov-17,9.35,9.74,9.49
21-Nov-17,8.93,9.41,9
22-Nov-17,8.29,9.82,8.75
23-Nov-17,9.15,9.63,9.5
24-Nov-17,7.01,9.65,7.14
27-Nov-17,7.48,9.65,7.48
28-Nov-17,9.21,9.65,9.27
29-Nov-17,9.47,9.6,9.48
30-Nov-17,8.5,9.6,9.38
,,,
01-Dec-17,7.98,9.6,8.11
04-Dec-17,9.33,9.5,9.35
05-Dec-17,6.45,9.5,6.45
06-Dec-17,7.75,9.65,8.03
07-Dec-17,7.23,9.39,8
08-Dec-17,6.33,9.5,6.36
11-Dec-17,8.2,9.5,8.3
12-Dec-17,8.15,9.64,8.24
13-Dec-17,8.32,9.5,8.53
14-Dec-17,7.98,8.99,8.57
15-Dec-17,8.41,9.69,8.54
18-Dec-17,9.16,9.5,9.22
19-Dec-17,8.8,9.5,8.88
20-Dec-17,8.34,9.5,8.39
21-Dec-17,8.9,9.08,8.97
22-Dec-17,8.2,9.5,8.22
27-Dec-17,8.74,9.46,8.79
28-Dec-17,9.08,9.55,9.26
29-Dec-17,7.35,9.55,7.4
,,,
02-Jan-18,7.79,9.55,9
03-Jan-18,8.23,9.5,8.31
04-Jan-18,8.56,9.54,8.71
05-Jan-18,8.27,9,8.18
08-Jan-18,6.63,9,6.63
09-Jan-18,6.7,9.5,6.84
10-Jan-18,7.07,9.45,7.39
11-Jan-18,9.53,9.6,9.57
12-Jan-18,9.34,9.5,9.34
15-Jan-18,10.31,10.05,10.28
16-Jan-18,9.63,10.05,9.63
17-Jan-18,9.46,9.73,9.58
18-Jan-18,8.15,9.67,9
19-Jan-18,5.73,9.42,6.05
22-Jan-18,8.29,10.26,8.86
23-Jan-18,6.39,10.26,6.39
24-Jan-18,5.14,9.5,5.85
25-Jan-18,9.71,9.69,9.7
29-Jan-18,9.09,9.74,9.2
30-Jan-18,7.82,9.6,7.9
31-Jan-18,8,9.5,8.06
,,,
01-Feb-18,9.03,9.73,9.35
02-Feb-18,8.52,9.73,8.52
05-Feb-18,9.06,9.73,9.06
06-Feb-18,8.95,9.73,8.97
07-Feb-18,10.59,10.5,10.59
08-Feb-18,7.17,9.7,8.65
09-Feb-18,6.68,9.61,6.85
12-Feb-18,7.39,9.61,7.39
13-Feb-18,7.01,9.35,6.89
14-Feb-18,6.83,9.35,6.83
15-Feb-18,6.44,9.35,6.44
19-Feb-18,8.25,9.35,8.25
20-Feb-18,8.12,9.35,8.13
21-Feb-18,8.08,9.35,8.08
22-Feb-18,7.74,9.3,8.22
23-Feb-18,7.75,9.3,7.75
26-Feb-18,8.66,9.28,8.83
27-Feb-18,7.45,9,7.52
28-Feb-18,6.23,9,6.23
,,,
01-Mar-18,7.94,9.1,8.18
02-Mar-18,6.84,9.1,6.95
05-Mar-18,7.26,9.1,7.26
06-Mar-18,7.33,9.1,7.33
07-Mar-18,7.18,9.06,7.21
09-Mar-18,7.18,9.06,7.21
12-Mar-18,8.46,9,8.49
13-Mar-18,8.82,9.07,8.85
14-Mar-18,8.64,9,8.69
15-Mar-18,8.32,9.15,8.58
16-Mar-18,9.04,9.19,9.05
19-Mar-18,8.17,9.19,8.17
20-Mar-18,8.19,9,8.19
21-Mar-18,7.9,9,8.1
22-Mar-18,9.4,9.33,9.37
23-Mar-18,7.56,9.25,7.75
26-Mar-18,7.37,9.15,7.39
27-Mar-18,7.38,9.06,7.57
28-Mar-18,7.47,9.2,8
29-Mar-18,6.43,9.2,6.43
,,,
03-Apr-18,7.34,9,7.63
04-Apr-18,8.76,9,8.76
05-Apr-18,9.09,9.1,9.09
06-Apr-18,7.49,9.2,7.71
09-Apr-18,8.09,9.27,8.26
10-Apr-18,8.44,9.41,8.5
11-Apr-18,8.66,9.36,8.85
12-Apr-18,8.04,9.1,8.26
13-Apr-18,6.95,10.13,7.03
16-Apr-18,8.95,10.5,9.08
17-Apr-18,8.56,10.5,8.56
18-Apr-18,6.9,9.15,7.13
19-Apr-18,9.36,9.17,9.33
20-Apr-18,8.78,9.19,8.85
23-Apr-18,6.93,9.07,7.1
24-Apr-18,7.55,9.2,7.62
25-Apr-18,7.03,9.5,7.09
26-Apr-18,7.42,9.3,7.94
27-Apr-18,5.47,9,5.9
30-Apr-18,5.54,9.5,5.64
,,,
02-May-18,7.86,9.5,7.86
03-May-18,7.67,9.23,7.93
04-May-18,6.61,9.1,6.77
07-May-18,6.73,9.16,7.44
08-May-18,7.13,9.08,7.58
09-May-18,6.65,9.07,6.83
10-May-18,6.13,9.14,6.73
11-May-18,5.3,9.29,5.53
14-May-18,6.5,9.27,6.66
15-May-18,8.55,9.66,8.67
16-May-18,6.27,9.13,6.93
17-May-18,9.05,9.12,9.07
18-May-18,7.61,9,7.7
21-May-18,7.46,9.46,7.99
22-May-18,8.14,9.25,8.18
23-May-18,6.88,9.29,6.99
24-May-18,9.21,9.22,9.21
25-May-18,8.68,9.08,8.7
28-May-18,8.56,9.1,8.56
29-May-18,7.89,9.15,7.92
30-May-18,10.27,9.15,10.27
31-May-18,7.14,9.12,7.82
,,,
01-Jun-18,7.16,9.11,7.86
04-Jun-18,6.85,9.05,7.33
05-Jun-18,7.34,9.07,7.64
06-Jun-18,8.21,9.46,8.39
07-Jun-18,8.83,9.16,8.99
08-Jun-18,8.83,9.16,8.99
11-Jun-18,7.79,9.09,8.12
12-Jun-18,8.87,9,8.9
13-Jun-18,7.44,9.18,7.59
14-Jun-18,9.17,9.29,9.26
18-Jun-18,9.27,9.15,9.27
19-Jun-18,9.47,9.5,9.47
20-Jun-18,9.88,9.86,9.87
21-Jun-18,9.3,10.09,9.61
22-Jun-18,9.44,9.36,9.44
25-Jun-18,6.28,9.8,6.65
26-Jun-18,9,9.19,9.04
27-Jun-18,8.64,9.15,8.81
28-Jun-18,9.06,9.19,9.13
29-Jun-18,8.36,9.33,8.46
,,,
02-Jul-18,9.62,9.19,9.57
03-Jul-18,10.33,10.68,10.35
04-Jul-18,10.95,11.53,11.07
05-Jul-18,8.64,10.32,9.37
06-Jul-18,8.92,10.38,9.25
09-Jul-18,8.82,10.38,8.82
11-Jul-18,9.21,10.38,9.21
12-Jul-18,8.82,9.54,9.28
13-Jul-18,9.09,12,9.15
16-Jul-18,7.71,9.38,8.05
17-Jul-18,7.35,10.63,7.39
18-Jul-18,8.16,9.5,8.32
19-Jul-18,9.29,9.47,9.38
20-Jul-18,8.72,10.29,8.79
23-Jul-18,8.63,9.83,8.77
24-Jul-18,6.58,9.63,6.58
25-Jul-18,6.32,9.63,6.32
26-Jul-18,8.7,9.49,9.28
27-Jul-18,8.98,9.49,8.98
30-Jul-18,8.73,9.95,9.1
31-Jul-18,9.25,9.39,9.32
,,,
01-Aug-18,6.53,10.17,7
02-Aug-18,6.73,9.5,7.5
03-Aug-18,4.86,9.4,5.01
06-Aug-18,8.68,9.63,8.72
07-Aug-18,8.21,9.63,8.21
08-Aug-18,8.02,9.75,8.06
09-Aug-18,7.95,9.4,8.67
10-Aug-18,8.35,9.3,8.61
13-Aug-18,7.48,9.3,7.48
14-Aug-18,6.47,9.56,7.09
15-Aug-18,8.82,8.9,8.83
16-Aug-18,7.61,9.33,8.88
17-Aug-18,6.98,9.33,6.98
20-Aug-18,9.14,9.3,9.05
22-Aug-18,8.09,9.05,8.22
23-Aug-18,9.1,9.28,9.14
24-Aug-18,8.05,9.11,8.11
27-Aug-18,7.29,9.41,7.9
28-Aug-18,8.59,9.41,8.76
29-Aug-18,8.94,9.25,9.01
30-Aug-18,8.81,9.28,9.04
31-Aug-18,9.04,9.27,9.08
,,,
03-Sep-18,9.48,9,9.46
04-Sep-18,8.07,9.1,8.24
05-Sep-18,6.86,9,6.96
06-Sep-18,8.89,9.35,9.15
07-Sep-18,8.38,9.35,8.38
10-Sep-18,7.63,9.25,7.73
11-Sep-18,9.24,9.5,9.24
12-Sep-18,8.81,9.5,8.84
13-Sep-18,8.74,9.38,9.17
14-Sep-18,7.39,9.38,7.39
17-Sep-18,8.49,9.38,8.52
18-Sep-18,7.6,9.28,7.66
19-Sep-18,9.43,9.33,9.4
20-Sep-18,8.2,9.42,9
21-Sep-18,7.75,9.38,8.04
24-Sep-18,8.84,9.38,8.84
25-Sep-18,7.81,9.43,8.15
26-Sep-18,7.51,9.2,7.87
27-Sep-18,8.77,9.33,9.17
28-Sep-18,8.63,9.06,8.73
,,,
01-Oct-18,8.93,9.22,8.98
02-Oct-18,7.96,9,8.37
03-Oct-18,7.32,9.2,7.37
04-Oct-18,10.36,10.36,10.36
05-Oct-18,10.81,10.36,10.81
08-Oct-18,10.87,10.36,10.87
10-Oct-18,10.92,10.5,10.91
11-Oct-18,10.82,10.97,10.95
12-Oct-18,9.9,11,10.09
15-Oct-18,7.52,11,7.52
16-Oct-18,6.84,10,7.1
17-Oct-18,9.45,8.88,8.53
18-Oct-18,10.56,10.57,10.57
19-Oct-18,9.24,10.31,9.44
22-Oct-18,9.54,10.65,9.66
23-Oct-18,9.08,10.85,9.21
24-Oct-18,8.55,10.47,8.71
25-Oct-18,10.26,10.51,10.43
26-Oct-18,7.59,10.51,7.59
29-Oct-18,9.65,10.84,10.03
30-Oct-18,8.33,10.84,8.36
31-Oct-18,6.49,10.25,6.55
,,,
01-Nov-18,10.41,10.5,10.49
02-Nov-18,7.03,10.37,7.41
05-Nov-18,9.67,10.34,9.99
06-Nov-18,8.27,10.43,9.71
07-Nov-18,7.52,10.25,7.61
08-Nov-18,10.25,10.47,10.36
09-Nov-18,8.18,10.3,8.28
12-Nov-18,10.21,10.3,10.21
13-Nov-18,8.89,10.3,8.89
14-Nov-18,9.21,10.15,9.25
15-Nov-18,7.93,10.44,9.76
16-Nov-18,9.74,10.33,9.86
19-Nov-18,10.28,10.33,10.23
20-Nov-18,9.93,10.33,9.93
21-Nov-18,9.83,10.25,9.87
22-Nov-18,10.05,10.48,10.31
23-Nov-18,8.05,10.38,8.35
26-Nov-18,7.81,10,8.03
27-Nov-18,9.68,10,9.86
28-Nov-18,7.18,10,7.18
29-Nov-18,8.53,10.45,9.44
30-Nov-18,9.3,10.45,9.3
,,,
03-Dec-18,8.54,10.25,8.61
04-Dec-18,8.9,10.25,9.07
05-Dec-18,9.33,10.25,9.33
06-Dec-18,8.55,10.66,9.78
07-Dec-18,7.55,10.66,7.55
10-Dec-18,8.47,10.66,8.87
11-Dec-18,8.61,10,8.65
12-Dec-18,9.39,10,9.39
13-Dec-18,10.05,10.46,10.28
14-Dec-18,9.07,10.07,9.16
17-Dec-18,10.29,10.5,10.34
18-Dec-18,8.59,10.61,9.29
19-Dec-18,9.76,10.5,9.79
20-Dec-18,10.47,10.48,10.47
21-Dec-18,10.34,10.5,10.37
24-Dec-18,9.57,10.5,9.57
27-Dec-18,10.34,11.01,10.68
28-Dec-18,10.31,11.5,10.62
31-Dec-18,9.05,10.15,9.07
,,,
02-Jan-19,9.95,10.42,10.03
03-Jan-19,10.77,10.92,10.85
04-Jan-19,10.38,10.5,10.39
07-Jan-19,10.32,11.18,10.39
08-Jan-19,9.57,10.88,9.61
09-Jan-19,6.41,10.22,6.6
10-Jan-19,10.65,10.53,10.57
11-Jan-19,9.9,10.5,9.95
14-Jan-19,10.03,10.68,10.19
15-Jan-19,9.61,10.5,9.66
16-Jan-19,9.56,10.81,9.71
17-Jan-19,10.51,10.67,10.59
18-Jan-19,9.51,10.58,9.64
21-Jan-19,8.28,10.33,8.93
22-Jan-19,8.98,10.33,9.09
23-Jan-19,6.26,10.33,7.05
24-Jan-19,10.68,10.49,10.59
25-Jan-19,10.76,10.28,10.56
28-Jan-19,9.57,10.38,9.67
29-Jan-19,9.78,10.41,9.82
30-Jan-19,9.61,10.38,9.93
31-Jan-19,7.61,10.41,9.21
,,,
01-Feb-19,7.1,10.17,7.61
04-Feb-19,9.59,10.25,9.76
05-Feb-19,9.21,10.25,9.21
06-Feb-19,7.15,10.34,7.5
07-Feb-19,9.49,10.35,9.96
08-Feb-19,7.68,10.25,8.25
11-Feb-19,7.74,10.1,8.18
12-Feb-19,7.06,10.25,7.54
13-Feb-19,6.54,10.25,6.71
14-Feb-19,8.88,10.27,9.64
15-Feb-19,7.49,10.31,7.85
18-Feb-19,7.86,10.25,8.18
19-Feb-19,8.65,10.7,8.88
20-Feb-19,9.48,10.26,9.57
21-Feb-19,9.72,10.26,9.93
22-Feb-19,9,10.26,9.22
25-Feb-19,7.74,10.09,8
26-Feb-19,7.37,10.14,7.89
27-Feb-19,9.51,10.12,9.59
28-Feb-19,10.1,10.3,10.21
,,,
01-Mar-19,8.11,10.3,8.33
04-Mar-19,9.57,10.28,9.59
05-Mar-19,8.23,10.46,8.69
06-Mar-19,8.23,10.46,8.69
07-Mar-19,7.82,10.27,8.95
11-Mar-19,10.14,10.28,10.15
12-Mar-19,9.4,10.2,9.64
13-Mar-19,10.01,10.28,10.11
14-Mar-19,10.06,10.33,10.12
15-Mar-19,9.45,10.41,9.67
18-Mar-19,9.5,10.41,9.67
19-Mar-19,8.28,10.25,8.32
20-Mar-19,7.39,10.25,7.68
21-Mar-19,9.37,10.42,9.73
22-Mar-19,9.97,10.5,10.06
25-Mar-19,9,10.13,9.09
26-Mar-19,6.59,10.21,6.88
27-Mar-19,8.17,10.25,9.15
28-Mar-19,10.29,10.24,10.27
29-Mar-19,7.96,10.44,8.12
,,,
01-Apr-19,7.74,10.1,7.78
02-Apr-19,6.35,10.13,6.61
03-Apr-19,8.01,10.25,8.14
04-Apr-19,10.07,10.29,10.03
05-Apr-19,10.03,10.29,10.03
08-Apr-19,9.38,10.6,9.7
09-Apr-19,9.57,10.06,9.73
10-Apr-19,9.26,10.32,9.66
11-Apr-19,9.79,10.44,10.37
12-Apr-19,9.08,10.44,9.08
15-Apr-19,6.57,10.25,7.17
16-Apr-19,6.64,10.25,6.64
17-Apr-19,8.67,10.07,9.37
18-Apr-19,9.65,10.38,9.8
23-Apr-19,10.39,10.28,10.38
24-Apr-19,10.48,10.5,10.39
25-Apr-19,9.61,10.43,10
26-Apr-19,8.4,9,8.48
29-Apr-19,8.34,10.15,8.42
30-Apr-19,7.95,10.25,7.98
,,,
02-May-19,9.87,10.26,10.15
03-May-19,7.66,10.35,7.96
06-May-19,8.63,10.19,8.97
07-May-19,7.69,10.22,8.08
08-May-19,8.6,10,8.68
09-May-19,8.96,10.16,9.48
10-May-19,8.33,10.21,8.51
13-May-19,8.84,10.21,8.84
14-May-19,8.28,10.1,8.35
15-May-19,9.88,10.29,9.97
16-May-19,9.85,10.28,10.05
17-May-19,9.37,10.4,9.48
20-May-19,9.27,10.36,9.33
21-May-19,8.67,10.2,8.7
22-May-19,9.74,10.33,9.81
23-May-19,10.07,10.35,10.27
24-May-19,10,10.35,10.15
27-May-19,8.78,10.35,8.78
28-May-19,7.02,10,7.25
29-May-19,8.47,10,8.63
30-May-19,9.67,10.25,10.13
31-May-19,8.49,10,8.52
,,,
05-Jun-19,9.29,10.23,9.98
06-Jun-19,7.41,10.25,8.74
07-Jun-19,9.86,10.09,9.89
10-Jun-19,8.43,10.25,8.49
11-Jun-19,8.3,10.15,8.66
12-Jun-19,7.13,10.25,7.24
13-Jun-19,9.55,10.24,10.09
14-Jun-19,7.89,10.05,7.98
17-Jun-19,9.95,10.05,9.95
18-Jun-19,7.84,10.05,7.84
19-Jun-19,10.01,10.05,10.01
20-Jun-19,9.67,10.24,10.05
21-Jun-19,8.21,10.24,8.3
24-Jun-19,8.94,10.08,9.75
25-Jun-19,9.33,10.08,8.56
26-Jun-19,9.33,10.15,9.49
27-Jun-19,8.33,10.21,9.51
28-Jun-19,10.02,10.21,10.02
,,,
01-Jul-19,8.63,10.18,8.73
02-Jul-19,8.05,10.35,8.2
03-Jul-19,7.39,10,7.48
04-Jul-19,10.28,10.23,10.23
05-Jul-19,8.93,10.23,8.83
08-Jul-19,10.24,10.26,10.24
09-Jul-19,9.88,10.98,10.1
10-Jul-19,9.59,11,9.66
11-Jul-19,9.91,10.22,10.07
12-Jul-19,8.5,10.25,8.79
15-Jul-19,7.12,10.22,7.2
16-Jul-19,8.85,10.36,9.12
17-Jul-19,10.15,11,10.16
18-Jul-19,10.06,10.25,10.11
19-Jul-19,10.1,10.43,10.12
22-Jul-19,9.97,10.22,9.99
23-Jul-19,7.43,10.22,7.43
24-Jul-19,5.21,10.16,5.55
25-Jul-19,10.39,10.28,10.31
26-Jul-19,10.02,10.36,10.06
29-Jul-19,9.64,10.28,9.89
30-Jul-19,10.15,10.5,10.4
31-Jul-19,10.28,10.5,10.28
,,,
01-Aug-19,10.24,10.28,10.26
02-Aug-19,9.69,10.19,9.96
05-Aug-19,7.68,10.19,7.8
06-Aug-19,8.09,10.19,8.5
07-Aug-19,9.69,10.19,9.69
08-Aug-19,10.93,10.24,10.66
09-Aug-19,11.31,10.79,11.26
12-Aug-19,8.84,10.38,9.13
13-Aug-19,9.34,10.86,9.42
14-Aug-19,9.33,10.33,9.63
15-Aug-19,9.9,10.25,10.02
16-Aug-19,9.28,10,9.29
19-Aug-19,8.44,10.25,8.53
20-Aug-19,6.48,10.25,6.58
21-Aug-19,8.78,10.5,8.82
22-Aug-19,10.13,10.24,10.17
23-Aug-19,9.82,10.32,9.92
26-Aug-19,8.26,10.32,8.28
27-Aug-19,9.1,10.08,9.71
28-Aug-19,9.26,10.5,9.3
29-Aug-19,8.42,10.16,8.77
30-Aug-19,8.24,10.16,8.24
,,,
02-Sep-19,7.82,10.16,7.82
03-Sep-19,8.32,10.16,8.26
04-Sep-19,8.06,10.16,8.07
05-Sep-19,10.2,10,10.16
06-Sep-19,8.18,10,8.18
09-Sep-19,8.01,10,8.79
10-Sep-19,10.24,10,10.24
11-Sep-19,9.99,10,9.99
12-Sep-19,9.06,10.11,9.43
13-Sep-19,9.15,10,9.18
16-Sep-19,8.13,10,8.2
17-Sep-19,7.64,10,7.74
18-Sep-19,7.11,10,7.11
19-Sep-19,9.62,10.17,9.83
20-Sep-19,9.54,10.15,9.55
23-Sep-19,9.46,10.15,9.47
24-Sep-19,8.02,10.15,8.02
25-Sep-19,7.49,10.15,7.49
26-Sep-19,7.7,10.15,7.7
27-Sep-19,6.93,10.15,7.11
30-Sep-19,9.55,10.15,9.55
,,,
01-Oct-19,9.24,10.15,9.2
02-Oct-19,9.41,10,9.42
03-Oct-19,9.48,10.15,9.74
04-Oct-19,9.82,10.25,9.85
07-Oct-19,7.39,10,7.45
08-Oct-19,8.11,10.13,8.16
10-Oct-19,9.01,9.59,9.14
11-Oct-19,8.82,9.5,8.84
14-Oct-19,6.91,10.5,6.96
15-Oct-19,8.22,10,9.44
16-Oct-19,9.05,10,8.42
17-Oct-19,8.56,9.04,8.79
18-Oct-19,6.91,8.93,7.19
21-Oct-19,7.94,8.93,8.01
22-Oct-19,7.66,9.27,7.72
23-Oct-19,6.58,9,6.74
24-Oct-19,7.64,9.25,7.83
25-Oct-19,6.38,9,6.44
28-Oct-19,8.42,9,8.58
29-Oct-19,6.76,9,7.02
30-Oct-19,6.37,9.5,6.42
31-Oct-19,7.03,9.18,7.95
,,,
01-Nov-19,6.04,9,6.27
04-Nov-19,9,9.22,9.06
05-Nov-19,6.8,9,7.08
06-Nov-19,7.2,9,7.2
07-Nov-19,8.8,9.04,8.88
08-Nov-19,6.38,9,6.54
11-Nov-19,7.71,7,7.65
12-Nov-19,6.5,9.24,7.06
13-Nov-19,8.73,9.24,8.73
14-Nov-19,8.67,8.64,8.66
15-Nov-19,8.44,8.64,8.47
18-Nov-19,7.54,9,7.55
19-Nov-19,7.75,9.25,8
20-Nov-19,8.15,9.25,8.15
21-Nov-19,7.31,9.23,8.47
22-Nov-19,8.02,9,8.12
25-Nov-19,8.3,9,8.3
26-Nov-19,7.5,9.5,7.6
27-Nov-19,8.01,9.5,8.01
28-Nov-19,9,9.18,9.07
29-Nov-19,7.93,9.18,7.93
,,,
02-Dec-19,7.06,9.07,7.98
03-Dec-19,7.73,9.07,7.73
04-Dec-19,7.91,9.07,7.91
05-Dec-19,8.93,9.13,9.01
06-Dec-19,8.6,9.13,8.6
09-Dec-19,7.32,9,7.37
10-Dec-19,7.71,9,7.71
11-Dec-19,7.46,9,7.46
12-Dec-19,7.34,9.09,7.98
13-Dec-19,8.73,9.09,8.73
16-Dec-19,8.21,9.15,8.24
17-Dec-19,8.1,9.08,8.16
18-Dec-19,8.4,9.27,8.51
19-Dec-19,8.36,9.19,8.64
20-Dec-19,6.57,9.19,6.57
23-Dec-19,6.7,9.19,6.7
24-Dec-19,8.84,9.19,8.84
27-Dec-19,8.49,8.79,8.65
30-Dec-19,6.83,9.15,7
31-Dec-19,7.36,9.15,7.36
,,,
02-Jan-20,8.1,9.29,8.55
03-Jan-20,7.43,9.04,7.81
06-Jan-20,7.51,9.08,7.53
07-Jan-20,6.44,9,6.51
08-Jan-20,7.92,9,7.92
09-Jan-20,9.07,9.24,9.2
10-Jan-20,7.3,9.06,7.41
13-Jan-20,9.04,9.21,8.76
14-Jan-20,8.39,9.26,8.55
15-Jan-20,7.66,9.16,7.78
16-Jan-20,8.81,9.16,9.06
17-Jan-20,8.71,9.32,8.84
20-Jan-20,9.37,10.48,9.7
21-Jan-20,7.82,10.19,7.97
22-Jan-20,7.78,10.19,7.78
23-Jan-20,9,9.2,9.09
24-Jan-20,8.09,9.1,8.27
27-Jan-20,9.01,9.18,9.03
28-Jan-20,8.29,9.38,8.39
29-Jan-20,9,9.23,9.1
30-Jan-20,8.24,9.22,8.64
31-Jan-20,8.37,9.22,8.69
,,,
03-Feb-20,7.79,9.18,7.94
04-Feb-20,9.19,9.17,9.14
05-Feb-20,6.61,9,6.79
06-Feb-20,7.83,9.22,8.72
07-Feb-20,7.27,9.04,7.48
10-Feb-20,8.19,9.23,8.56
11-Feb-20,7.44,9,7.58
12-Feb-20,7.48,9.28,8.08
13-Feb-20,7.35,8.85,8.32
14-Feb-20,7.53,7.53,7.53
17-Feb-20,7.11,9.29,7.28
18-Feb-20,8.24,9.25,8.41
19-Feb-20,9.13,,9.13
20-Feb-20,9.18,9.24,9.21
21-Feb-20,8.85,,8.85
24-Feb-20,8.4,9.25,8.44
25-Feb-20,8.91,9.36,9.02
26-Feb-20,8.89,9.25,8.93
27-Feb-20,8.57,9.17,8.76
28-Feb-20,8.28,9.25,8.3
,,,
02-Mar-20,8.67,9.4,8.65
03-Mar-20,8.95,9.33,9.02
04-Mar-20,8.24,9.33,8.24
05-Mar-20,8.8,9.26,8.99
06-Mar-20,7.38,9.25,7.41
09-Mar-20,7.61,9.47,7.72
10-Mar-20,6.64,9.5,6.68
11-Mar-20,8.66,9.38,8.74
12-Mar-20,7.24,9.24,8.48
13-Mar-20,7.78,9.25,7.84
16-Mar-20,8.79,9.13,8.82
17-Mar-20,9.68,9.13,9.68
18-Mar-20,10.17,9.13,10.17
19-Mar-20,10.65,9.79,10.28
20-Mar-20,11.22,10.86,11.21
23-Mar-20,9.38,10.53,9.66
24-Mar-20,10.95,10.53,10.92
25-Mar-20,12.65,10.53,12.65
26-Mar-20,11.35,12.24,11.71
27-Mar-20,9.94,11,10.02
30-Mar-20,8.47,11,8.47
31-Mar-20,8.65,11,9.36
,,,
01-Apr-20,7.19,9.7,7.64
02-Apr-20,7.44,9.07,8.16
03-Apr-20,7.07,9.16,7.41
06-Apr-20,7.73,9.11,7.99
07-Apr-20,7.17,8.23,7.45
08-Apr-20,6.88,9.5,6.91
09-Apr-20,7.1,8.69,7.37
14-Apr-20,6.7,8.86,6.91
15-Apr-20,6.36,8.5,9.03
16-Apr-20,6.58,8,7.15
17-Apr-20,7.77,8,7.83
20-Apr-20,7.85,8,7.85
21-Apr-20,6.54,8,6.89
22-Apr-20,7,8,7.03
23-Apr-20,7.37,8.25,7.71
24-Apr-20,7.01,8.25,7.01
27-Apr-20,7.34,8,7.43
28-Apr-20,6.88,8,7.14
29-Apr-20,6.54,8,6.99
30-Apr-20,6.47,8.16,7.52
,,,
04-May-20,7.85,8.25,7.85
05-May-20,6.97,8.25,7.06
06-May-20,8.22,8.09,8.17
07-May-20,5.73,8.25,7.11
08-May-20,7.36,8.25,7.36
11-May-20,6.61,8.25,6.61
12-May-20,6.89,8.25,6.89
13-May-20,7.29,8.25,7.29
14-May-20,5.96,8.22,6.85
15-May-20,7.21,8.3,7.76
18-May-20,7.85,8.25,7.95
19-May-20,8.06,8.25,8.11
20-May-20,7.5,8.25,7.56
21-May-20,7.79,8.3,8.12
22-May-20,8.34,8.74,8.34
25-May-20,8.31,8.44,8.32
26-May-20,8.44,10,8.46
27-May-20,6.87,8.5,6.87
28-May-20,7.47,8.48,7.73
29-May-20,7.39,8.42,7.57
,,,
01-Jun-20,6.77,8.29,7.16
02-Jun-20,8.45,9,8.46
04-Jun-20,7,8.27,7.4
05-Jun-20,6.09,8.57,6.37
08-Jun-20,7.58,8.57,7.58
10-Jun-20,6.04,7.5,6.1
11-Jun-20,7.24,7.34,7.31
12-Jun-20,6.46,7.62,6.65
15-Jun-20,6.3,7.43,6.62
16-Jun-20,6.9,7.27,7.03
17-Jun-20,7.48,7.27,7.48
18-Jun-20,6.3,7.23,6.86
19-Jun-20,6.61,7.21,6.8
22-Jun-20,7.01,7.25,5.87
23-Jun-20,6.5,7.13,6.67
24-Jun-20,5.83,7.13,5.83
25-Jun-20,6.48,7.17,6.95
26-Jun-20,5.48,7.37,5.89
29-Jun-20,5.53,7.38,6.45
30-Jun-20,4.98,7.2,5.29
,,,
01-Jul-20,4.67,7.27,6.02
02-Jul-20,5.48,7.24,6.76
03-Jul-20,6.94,7.25,6.97
06-Jul-20,6.65,7.47,6.89
07-Jul-20,7.02,7.13,7.05
08-Jul-20,7.29,7.13,7.29
09-Jul-20,7.05,7.26,7.18
10-Jul-20,7.15,7.44,7.23
13-Jul-20,7.05,7.36,7.09
14-Jul-20,7.23,7.25,7.22
15-Jul-20,7.43,7.25,7.35
16-Jul-20,7.89,7.35,7.61
17-Jul-20,7.93,8,7.83
20-Jul-20,7.68,8,7.68
21-Jul-20,5.13,7.23,5.43
22-Jul-20,4.53,7.21,5.55
23-Jul-20,7.27,7.28,7.28
24-Jul-20,7.08,7.34,7.12
27-Jul-20,7.31,7.22,7.27
28-Jul-20,7.4,7.29,7.39
29-Jul-20,7.52,7.5,7.51
30-Jul-20,7.44,7.35,7.45
,,,
03-Aug-20,7.01,7.32,7.15
04-Aug-20,5.76,7.42,6.21
05-Aug-20,7.1,7.3,7.15
06-Aug-20,6.8,7.28,7.18
07-Aug-20,6.57,7.5,6.73
10-Aug-20,5.96,7.35,6.45
11-Aug-20,6.5,7.25,6.64
12-Aug-20,6.95,7.46,7.07
13-Aug-20,6.76,7.29,7.09
14-Aug-20,6.6,7.35,6.91
17-Aug-20,7.04,7.35,7.22
18-Aug-20,7.6,7.51,7.58
19-Aug-20,7.52,7.41,7.51
20-Aug-20,7.05,7.32,7.24
21-Aug-20,6.44,7.5,6.54
24-Aug-20,6.3,7.25,6.73
25-Aug-20,6.68,7.35,6.27
26-Aug-20,7.01,7.35,7.18
27-Aug-20,6.58,7.33,7.04
28-Aug-20,6.14,7.34,6.57
31-Aug-20,7,7.4,7.02
,,,
01-Sep-20,5.07,7.15,5.31
02-Sep-20,7.24,7.3,7.25
03-Sep-20,7,7.28,7.27
04-Sep-20,6.67,7.45,8.58
07-Sep-20,6.89,7.5,6.95
08-Sep-20,7,7.29,7.06
09-Sep-20,6.93,7.21,7.03
10-Sep-20,6.93,7.3,7.19
11-Sep-20,6.41,7.27,6.65
14-Sep-20,5.66,7.27,7.29
15-Sep-20,6.67,7.27,6.86
16-Sep-20,6.67,7,6.67
17-Sep-20,6.24,7.27,7.09
18-Sep-20,6.82,7.27,7
21-Sep-20,6.65,7.25,6.78
22-Sep-20,6.55,7.25,6.61
23-Sep-20,7,7.25,7
24-Sep-20,7.08,7.23,7.15
25-Sep-20,7.16,7.5,7.2
28-Sep-20,6.68,7.43,6.88
29-Sep-20,6.66,7.39,6.81
30-Sep-20,7.15,7.39,7.15
,,,
01-Oct-20,6.77,7.32,7.19
02-Oct-20,6.95,7.25,6.95
05-Oct-20,7,7.22,7.01
06-Oct-20,7.08,7.43,7.13
07-Oct-20,7.01,7.38,7.08
08-Oct-20,6.96,7.32,7.12
12-Oct-20,6.64,7.25,6.76
13-Oct-20,5.6,7.43,5.79
14-Oct-20,7.02,7.32,7.12
15-Oct-20,6.94,7.37,7.21
16-Oct-20,7.04,7.18,7.05
19-Oct-20,6.29,7.42,6.53
20-Oct-20,6.93,7.5,6.98
21-Oct-20,6.96,7.28,7
22-Oct-20,6.88,7.31,7.06
23-Oct-20,7.08,7.43,7.1
26-Oct-20,5.91,7.35,6.4
27-Oct-20,6,7.5,6.98
28-Oct-20,4,7.33,6.5
29-Oct-20,6.59,7.34,7.2
30-Oct-20,5.6,7.41,5.84
,,,
02-Nov-20,6.7,7.5,7.15
03-Nov-20,6.18,7.33,6.51
04-Nov-20,6.97,7.25,7
05-Nov-20,6.44,7.32,7.16
06-Nov-20,7,7.28,7.09
09-Nov-20,6.67,7.4,7.14
10-Nov-20,5,6.96,5.79
11-Nov-20,5.73,7.25,6.23
12-Nov-20,7.2,7.32,7.3
13-Nov-20,6.52,7.41,6.59
16-Nov-20,6.97,7.4,7.21
17-Nov-20,7.13,7.48,7.17
18-Nov-20,7.06,7.38,7.1
19-Nov-20,7.09,7.34,7.28
20-Nov-20,6.24,7.5,6.74
23-Nov-20,7,7.5,7.26
24-Nov-20,5.01,7.5,5.64
25-Nov-20,7.34,7.25,7.32
26-Nov-20,6.96,7.35,7.24
27-Nov-20,6.66,7.37,6.83
30-Nov-20,7.43,7.55,7.45
,,,
01-Dec-20,7.2,8,7.27
02-Dec-20,7.38,7.89,7.43
03-Dec-20,6.87,7.4,7.22
04-Dec-20,6.57,7.83,6.86
07-Dec-20,6.96,7.63,7.08
08-Dec-20,6.43,7.69,6.69
09-Dec-20,6.63,7.69,6.63
10-Dec-20,7.02,7.39,7.32
11-Dec-20,7.23,7.62,7.29
14-Dec-20,7.32,7.45,7.29
15-Dec-20,7.02,7.56,7.15
16-Dec-20,7.11,7.25,7.19
17-Dec-20,6.92,7.3,7.15
18-Dec-20,6.77,7.3,6.97
21-Dec-20,7.01,7.53,7.12
22-Dec-20,6.87,7.5,6.93
23-Dec-20,6.27,7,6.32
24-Dec-20,7.42,7.35,7.4
28-Dec-20,7.61,7.32,7.45
29-Dec-20,6.43,7.5,6.68
30-Dec-20,7.06,7,7.05
31-Dec-20,7.32,7.14,7.17
,,,
04-Jan-21,7.01,7.53,7.27
05-Jan-21,7.25,8,7.25
06-Jan-21,7.43,8,7.43
07-Jan-21,7.16,8,7.2
08-Jan-21,7.03,7.16,7.07
11-Jan-21,6.96,7.46,7.25
12-Jan-21,7.27,7.34,7.31
13-Jan-21,7.16,7.34,7.16
18-Jan-21,7.12,7.33,7.21
19-Jan-21,6.22,7.22,6.59
20-Jan-21,6.9,7.29,6.93
21-Jan-21,7.22,7.34,7.3
22-Jan-21,6.38,7.4,6.87
25-Jan-21,6.2,7.49,6.82
27-Jan-21,6.86,7.26,7.04
28-Jan-21,7.06,7.28,7.19
29-Jan-21,6.12,7.32,6.38
,,,
01-Feb-21,6.9,7.3,7.12
02-Feb-21,6.33,7.5,6.41
03-Feb-21,6.84,7.2,6.92
04-Feb-21,7.19,7.37,7.29
05-Feb-21,6.74,7.34,7.09
08-Feb-21,7.31,7.54,7.35
09-Feb-21,7.22,7.54,7.27
10-Feb-21,6.72,7.78,6.89
11-Feb-21,7.36,7.35,7.31
12-Feb-21,7.15,7.27,7.1
15-Feb-21,6.86,7.65,6.72
17-Feb-21,7.13,7.4,7.2
18-Feb-21,7.17,7.3,7.26
19-Feb-21,6.62,7.34,6.84
22-Feb-21,6.49,7.33,6.88
23-Feb-21,6.97,7.26,7.14
24-Feb-21,6.93,7.32,6.97
25-Feb-21,7.03,7.29,7.26
26-Feb-21,6.92,7.4,7.01
,,,
01-Mar-21,7.25,7.34,7.29
02-Mar-21,7.24,7.33,7.27
03-Mar-21,4.79,7.5,4.84
04-Mar-21,7,7.39,7.32
05-Mar-21,6.9,7.28,7.03
09-Mar-21,7.09,7.41,7.17
10-Mar-21,6.79,7.27,6.89
11-Mar-21,7,7.31,7.22
12-Mar-21,5.86,7.33,6.38
15-Mar-21,6.11,7.36,6.56
16-Mar-21,6.98,7.25,7.02
17-Mar-21,7.82,7.25,7.8
18-Mar-21,7.06,7.38,7.24
19-Mar-21,7.03,7.49,7.25
22-Mar-21,6.94,7.27,6.97
23-Mar-21,7.07,7.25,7.08
24-Mar-21,6.97,7.44,7
25-Mar-21,7.02,7.35,7.29
26-Mar-21,7.15,7.35,7.15
29-Mar-21,7.07,7.16,7.1
30-Mar-21,7.13,7.5,7.07
31-Mar-21,7.19,7.5,7.21
,,,
01-Apr-21,6.92,7.41,7.26
06-Apr-21,7.25,7.26,7.32
07-Apr-21,6.89,7.27,7.03
08-Apr-21,7.08,7.36,7.27
09-Apr-21,6.72,7.33,6.85
12-Apr-21,7.06,7.34,7.15
13-Apr-21,7,7.41,7.09
14-Apr-21,6.93,7.25,6.94
15-Apr-21,7.13,7.3,7.25
16-Apr-21,7.06,7.17,7.09
19-Apr-21,7.51,7.4,7.54
20-Apr-21,7.33,7.22,7.33
21-Apr-21,7.09,7.5,7.13
22-Apr-21,7.13,7.23,7.21
23-Apr-21,7.02,7.25,7.09
26-Apr-21,6.98,7.57,7.19
27-Apr-21,7.02,7.77,7.12
28-Apr-21,7.2,7.33,7.26
29-Apr-21,7.08,7.32,7.3
30-Apr-21,6.68,7.25,6.7
,,,
03-May-21,6.68,7.6,6.89
04-May-21,7.08,7.36,7.13
05-May-21,6.94,7.3,7.06
06-May-21,7.01,7.32,7.31
07-May-21,6.36,7.39,6.5
10-May-21,7.08,7.55,7.31
11-May-21,7,7.43,7.05
14-May-21,6.41,7.35,7.09
17-May-21,7.09,7.16,7.11
18-May-21,7.29,7.75,7.19
19-May-21,7.44,7.25,7.43
20-May-21,7.14,7.2,7.16
21-May-21,7.15,7.4,7.26
24-May-21,6.57,7.41,7.09
25-May-21,6.71,7.75,6.75
26-May-21,6.92,7,6.93
27-May-21,7.29,7.26,7.29
28-May-21,7.03,7.26,7.21
31-May-21,7.13,7.26,7.18
,,,
01-Jun-21,6.6,7.26,6.89
02-Jun-21,7.05,7.26,7
04-Jun-21,6.88,7.26,7.07
07-Jun-21,6.88,7.26,7.06
08-Jun-21,6.72,7.43,6.98
10-Jun-21,7.05,7.26,7.06
11-Jun-21,5.75,7.26,6.92
14-Jun-21,7.1,7.47,6.96
15-Jun-21,7.28,7.52,6.98
16-Jun-21,6.65,7.48,6.99
17-Jun-21,6.54,6.92,6.98
18-Jun-21,6.21,6.84,6.96
21-Jun-21,6.19,7.15,6.95
22-Jun-21,6.58,7,6.93
23-Jun-21,6.62,6.82,6.91
24-Jun-21,6.26,6.77,6.89
28-Jun-21,6.67,6.8,6.89
29-Jun-21,6.46,7.03,6.86
30-Jun-21,6.39,6.98,6.85
,,,
01-Jul-21,6.13,6.78,6.63
02-Jul-21,6.35,6.92,6.55
05-Jul-21,6.51,6.66,6.53
06-Jul-21,6.3,6.8,6.53
07-Jul-21,5.86,6.88,6.5
08-Jul-21,6.32,6.79,6.53
09-Jul-21,6.36,7,6.52
12-Jul-21,6.19,6.95,6.53
13-Jul-21,6.38,6.66,6.52
14-Jul-21,6.13,6.98,6.51
15-Jul-21,6.46,6.83,6.52
16-Jul-21,6.51,6,6.52
19-Jul-21,6.5,6.79,6.54
21-Jul-21,6.57,6.96,6.55
22-Jul-21,6.67,6.74,6.57
23-Jul-21,6.55,6.69,6.57
26-Jul-21,6.44,6.81,6.57
27-Jul-21,6.6,6.59,6.57
28-Jul-21,6.56,7.06,6.57
29-Jul-21,6.61,6.83,6.58
30-Jul-21,6.04,6.66,6.56
,,,
02-Aug-21,6.26,6.68,6.4
03-Aug-21,6.35,6.65,6.47
04-Aug-21,5.87,6.8,6.34
05-Aug-21,6.69,6.79,6.5
06-Aug-21,6.36,6.67,6.49
09-Aug-21,6.59,6.74,6.5
10-Aug-21,6.55,6.53,6.51
11-Aug-21,6.37,6.58,6.5
12-Aug-21,6.45,6.89,6.52
13-Aug-21,6.5,6.7,6.52
16-Aug-21,6.54,6.64,6.53
17-Aug-21,5.75,6.65,6.47
18-Aug-21,6.45,6.76,6.47
19-Aug-21,6.5,6.69,6.49
20-Aug-21,6.54,6.7,6.5
23-Aug-21,6.12,6.58,6.5
24-Aug-21,6.35,6.66,6.5
25-Aug-21,6.59,6.8,6.51
26-Aug-21,6.51,6.74,6.51
27-Aug-21,6.59,7,6.52
30-Aug-21,6.45,,6.52
31-Aug-21,,6.5,6.52
,,,
01-Sep-21,6.1,6.8,6.45
02-Sep-21,6.5,6.61,6.56
03-Sep-21,6.25,6.75,6.47
06-Sep-21,6.5,,6.45
07-Sep-21,5.67,,6.3
08-Sep-21,6.84,7,6.37
09-Sep-21,6.47,6.65,6.42
10-Sep-21,5.87,6.8,6.26
13-Sep-21,6.34,6.75,6.3
14-Sep-21,6.35,,6.28
15-Sep-21,6.29,6.67,6.3
16-Sep-21,6.7,6.69,6.35
17-Sep-21,6.52,6.68,6.38
20-Sep-21,6.55,6.75,6.41
21-Sep-21,6.68,6.85,6.44
22-Sep-21,6.72,6.89,6.46
23-Sep-21,6.81,6.83,6.49
24-Sep-21,6.58,6.75,6.5
27-Sep-21,6.55,6.9,6.51
28-Sep-21,6.15,6.8,6.51
29-Sep-21,6.36,6.8,6.51
30-Sep-21,6.63,6.65,6.52
,,,
01-Oct-21,6.61,6.78,6.66
04-Oct-21,6.74,6.77,6.67
05-Oct-21,6.52,6.87,6.68
06-Oct-21,6.38,,6.65
07-Oct-21,6.63,6.78,6.67
08-Oct-21,6.51,6.78,6.67
11-Oct-21,6.83,7.01,6.69
12-Oct-21,6.64,6.81,6.71
13-Oct-21,6.57,,6.69
14-Oct-21,6.71,6.81,6.7
15-Oct-21,7.09,7.38,6.75
18-Oct-21,7.24,7.19,6.8
19-Oct-21,6.98,7.66,6.85
20-Oct-21,7.09,,6.86
21-Oct-21,7.2,7.99,6.95
22-Oct-21,7.25,9,6.96
25-Oct-21,6.76,7.25,6.96
26-Oct-21,6.96,7.14,6.96
27-Oct-21,6.61,7.01,6.95
28-Oct-21,6.57,7.13,6.95
29-Oct-21,6.64,7,6.95
,,,
01-Nov-21,6.22,7.23,6.85
02-Nov-21,6.5,7.1,6.83
03-Nov-21,6.42,7.18,6.77
04-Nov-21,6.34,7.11,6.83
05-Nov-21,6.82,6.88,6.83
08-Nov-21,6.76,7.54,6.89
09-Nov-21,6.15,6.89,6.86
10-Nov-21,6.49,,6.79
11-Nov-21,6.52,7.11,6.82
12-Nov-21,6.25,6.66,6.76
15-Nov-21,6.15,7.42,6.74
16-Nov-21,6.65,7.35,6.74
17-Nov-21,6.63,,6.73
18-Nov-21,6.61,7.07,6.77
19-Nov-21,6.74,6.88,6.77
22-Nov-21,6.77,6.77,6.76
23-Nov-21,6.6,7.08,6.76
24-Nov-21,6.5,7.25,6.76
25-Nov-21,6.47,6.96,6.76
26-Nov-21,6.4,6.75,6.76
29-Nov-21,6.32,6.75,6.76
30-Nov-21,6.5,7,6.75
,,,
01-Dec-21,5.91,,5.91
02-Dec-21,6.63,6.9,6.75
03-Dec-21,6.15,6.84,6.72
06-Dec-21,6.5,,6.71
07-Dec-21,6.5,6.69,6.64
08-Dec-21,6.47,7,6.61
09-Dec-21,6.48,6.78,6.64
10-Dec-21,6.53,6.75,6.64
13-Dec-21,5.91,6.78,6.6
14-Dec-21,6.64,6.88,6.61
15-Dec-21,6.6,6.51,6.6
16-Dec-21,6.75,6.89,6.63
17-Dec-21,6.75,6.66,6.64
20-Dec-21,6.92,6.96,6.67
21-Dec-21,7.38,7.21,6.7
22-Dec-21,5.75,6.8,6.68
23-Dec-21,6.36,6.83,6.69
24-Dec-21,6.57,6.94,6.68
27-Dec-21,6.6,6.65,6.68
28-Dec-21,6.59,6.8,6.68
29-Dec-21,6.37,6.72,6.68
30-Dec-21,6.88,6.94,6.69
31-Dec-21,5.83,6.83,6.65
,,,
03-Jan-22,6.41,6.59,6.51
04-Jan-22,5.48,6.66,6.22
05-Jan-22,6.53,6.78,6.32
06-Jan-22,6.72,6.85,6.53
07-Jan-22,6.7,7.24,6.57
10-Jan-22,6.58,6.82,6.6
11-Jan-22,6.9,6.73,6.61
12-Jan-22,6.5,6.91,6.61
13-Jan-22,6.61,6.86,6.65
14-Jan-22,6.6,7.34,6.65
17-Jan-22,6.51,6.78,6.65
18-Jan-22,6.51,6.71,6.65
19-Jan-22,6.58,,6.65
20-Jan-22,6.67,6.75,6.66
21-Jan-22,6.57,7,6.66
24-Jan-22,6.62,6.82,6.66
25-Jan-22,,6.77,6.66
27-Jan-22,6.01,6.82,6.65
28-Jan-22,6.62,7,6.65
31-Jan-22,6.38,6.82,6.65
,,,
01-Feb-22,6.43,,6.43
02-Feb-22,6.5,,6.43
03-Feb-22,6.5,6.77,6.66
04-Feb-22,6.5,6.75,6.65
07-Feb-22,6.5,6.77,6.65
08-Feb-22,6.5,6.75,6.65
09-Feb-22,6.5,6.5,6.63
10-Feb-22,5.59,6.68,6.43
11-Feb-22,6.24,6.75,6.29
14-Feb-22,6.13,6.75,6.21
15-Feb-22,-,6,6.48
17-Feb-22,6.5,6.76,6.71
18-Feb-22,6.52,6.62,6.58
21-Feb-22,6.55,6.85,6.56
22-Feb-22,6.65,7.43,6.93
23-Feb-22,6.75,,6.75
24-Feb-22,6.47,6.84,6.75
25-Feb-22,6.5,,6.5
28-Feb-22,6.58,,6.58
,,,
01-Mar-22,6.49,,6.56
02-Mar-22,6.32,6.75,6.47
03-Mar-22,6.51,6.61,6.55
04-Mar-22,6.5,,6.5
07-Mar-22,,6.72,6.67
09-Mar-22,6.42,6.7,6.51
10-Mar-22,6.5,6.73,6.7
11-Mar-22,6.3,6.7,6.42
14-Mar-22,6.4,6.76,6.54
15-Mar-22,6.3,6.75,6.55
16-Mar-22,6.64,6.79,6.66
17-Mar-22,6.42,6.68,6.61
18-Mar-22,6.71,7,6.79
21-Mar-22,6.69,6.5,6.69
22-Mar-22,6.25,6.78,6.43
23-Mar-22,6.59,6.83,6.65
24-Mar-22,6.46,6.74,6.63
25-Mar-22,6.31,6.73,6.41
28-Mar-22,6.65,6.75,6.68
29-Mar-22,6.63,7.13,6.72
30-Mar-22,6.55,6.75,6.56
31-Mar-22,6.53,6.8,6.71
,,,
01-Apr-22,6.7,7,6.72
04-Apr-22,6.91,6.72,6.78
05-Apr-22,6.83,6.83,6.84
06-Apr-22,6.57,7.1,6.59
07-Apr-22,,6.82,6.83
11-Apr-22,6.59,,6.64
12-Apr-22,6.68,6.81,6.72
13-Apr-22,6.34,7,6.4
14-Apr-22,,7,6.4
19-Apr-22,6.94,6.79,6.79
20-Apr-22,6.64,7.01,6.69
21-Apr-22,6.79,6.88,6.74
22-Apr-22,6.72,6.78,6.74
25-Apr-22,6.7,6.85,6.7
26-Apr-22,6.81,7.08,6.84
27-Apr-22,6.78,6.84,6.86
28-Apr-22,6.75,6.88,6.8
29-Apr-22,6.55,6.95,6.69
,,,
03-May-22,6.54,6.75,6.62
04-May-22,6.65,6.8,6.73
05-May-22,6.44,6.7,6.66
06-May-22,6.55,7,6.64
09-May-22,6.54,6.75,6.56
10-May-22,6.36,6.75,6.5
11-May-22,6.55,6.75,6.66
12-May-22,6.5,6.78,6.7
13-May-22,6.53,6.88,6.61
16-May-22,6.44,6.72,6.47
17-May-22,6.5,6.92,6.54
18-May-22,6.6,7.12,6.64
19-May-22,6.63,6.91,6.76
20-May-22,6.72,6.81,6.8
23-May-22,6.63,6.75,6.67
24-May-22,6.66,6.75,6.67
25-May-22,6.61,6.88,6.66
26-May-22,6.48,6.77,6.69
27-May-22,6.61,,6.64
30-May-22,6.56,6.75,6.59
31-May-22,6.65,7.02,6.92
,,,
01-Jun-22,6.84,,6.84
02-Jun-22,,,7.64
06-Jun-22,9.33,8.9,9.13
07-Jun-22,9.18,,9.18
08-Jun-22,,,9.03
10-Jun-22,8.32,8.14,8.27
13-Jun-22,8.09,8.59,8.32
14-Jun-22,8.03,8,8.1
15-Jun-22,7.98,8.15,7.99
16-Jun-22,7.76,8.06,7.94
17-Jun-22,8.45,8,8.32
20-Jun-22,8.17,8.32,8.22
21-Jun-22,8.83,,8.77
22-Jun-22,7.74,8.07,7.79
23-Jun-22,7.84,8.44,8.23
24-Jun-22,6.95,7.89,7.19
27-Jun-22,7.7,7.93,7.85
28-Jun-22,7.76,,7.87
29-Jun-22,8.14,8.76,8.26
30-Jun-22,7.09,8.09,7.6
,,,
01-Jul-22,7.09,8.6,7.66
04-Jul-22,7.55,7.96,7.8
05-Jul-22,8.38,,8.34
06-Jul-22,8.27,8.86,8.48
07-Jul-22,8.58,8.96,8.85
08-Jul-22,8.79,9.08,8.92
11-Jul-22,8.62,9.04,8.94
12-Jul-22,8.81,9.07,8.92
13-Jul-22,8.71,9.23,8.96
14-Jul-22,8.6,8.93,8.78
15-Jul-22,9.11,9.04,9.05
18-Jul-22,9.37,9.02,9.2
19-Jul-22,9.82,9.84,9.76
20-Jul-22,10.24,9.75,10.16
21-Jul-22,9.61,10.42,10.26
22-Jul-22,9.94,10.7,10.01
25-Jul-22,10.16,11.76,10.5
26-Jul-22,9.81,,9.91
27-Jul-22,9.79,,9.96
28-Jul-22,10.38,10.75,10.65
29-Jul-22,10.46,,10.49
,,,
01-Aug-22,10.6,10.5,10.76
02-Aug-22,10.64,,10.6
03-Aug-22,9.95,10.76,10.06
04-Aug-22,10.34,10.79,10.68
05-Aug-22,9.07,10.5,9.55
08-Aug-22,9.53,10.5,9.78
09-Aug-22,9,10.06,9.14
10-Aug-22,9.2,9.91,9.4
11-Aug-22,9.18,10.38,9.75
12-Aug-22,10.41,10.49,10.44
15-Aug-22,9.5,10.98,9.88
16-Aug-22,9.05,10.27,9.57
17-Aug-22,8.86,10.21,9.18
18-Aug-22,9.81,10.49,10.25
19-Aug-22,10.37,10.56,10.35
22-Aug-22,11.22,10.72,10.88
23-Aug-22,11.03,11.41,11.04
24-Aug-22,10.7,11.16,10.9
25-Aug-22,10.75,11.23,11.11
26-Aug-22,11.36,10.89,11.11
29-Aug-22,9.32,10.81,10.15
30-Aug-22,9.29,11,9.28
31-Aug-22,8.95,10.46,9.63
,,,
01-Sep-22,9.27,10.76,10.35
02-Sep-22,9.16,10,9.3
05-Sep-22,9.35,10.05,9.77
06-Sep-22,9.22,10.07,9.53
07-Sep-22,9.1,10.04,9.54
08-Sep-22,9.37,10.71,10.24
09-Sep-22,9.9,10.89,9.94
12-Sep-22,10.06,10.15,10.07
13-Sep-22,9.76,9.95,9.83
14-Sep-22,9.16,10.06,9.28
15-Sep-22,10.02,10.37,10.28
16-Sep-22,10.35,10.83,10.49
19-Sep-22,10.46,10.11,10.41
20-Sep-22,11.13,11.89,11.23
21-Sep-22,10.96,11.41,11.03
22-Sep-22,11.05,11.31,11.14
23-Sep-22,10.78,11.42,10.85
26-Sep-22,10.46,10.5,10.49
27-Sep-22,10.37,11,10.5
28-Sep-22,10.25,11.47,10.41
29-Sep-22,10.94,11.52,11.18
30-Sep-22,11.09,11.25,11.12
,,,
03-Oct-22,11.12,11.81,11.36
04-Oct-22,11.16,11.75,11.25
05-Oct-22,11.19,12.58,11.34
06-Oct-22,11.47,11.97,11.65
07-Oct-22,11.71,12,11.74
10-Oct-22,11.22,11.45,11.43
11-Oct-22,11.3,11.17,11.36
12-Oct-22,10.78,12.57,10.97
13-Oct-22,10.63,12.31,11.39
14-Oct-22,10.81,12,10.88
17-Oct-22,8.73,12.24,10.08
18-Oct-22,9.18,11.41,9.82
19-Oct-22,10.09,11.45,10.24
20-Oct-22,10.21,11.58,11.03
21-Oct-22,10.48,12.13,10.76
24-Oct-22,10.61,11.9,10.99
25-Oct-22,10.33,12.5,10.55
26-Oct-22,9.4,11.5,9.42
27-Oct-22,10.46,11.7,11.27
28-Oct-22,11.5,12,11.47
31-Oct-22,10.54,11.78,11.25
,,,
01-Nov-22,11.03,12.14,11.39
02-Nov-22,11,11.87,11.2
03-Nov-22,11.58,11.83,11.75
04-Nov-22,11.55,12,11.56
07-Nov-22,10.06,12.11,10.76
08-Nov-22,9.11,11.68,9.98
09-Nov-22,9.25,11.81,9.87
10-Nov-22,10.22,11.93,11.36
11-Nov-22,10,12.33,10.77
14-Nov-22,10.42,12.09,11.12
15-Nov-22,11.28,11.53,11.46
16-Nov-22,11.07,11.78,11.55
17-Nov-22,11.6,11.69,11.68
18-Nov-22,11.41,12.11,11.59
21-Nov-22,9.68,11.76,10.37
22-Nov-22,8.91,11.35,9.88
23-Nov-22,10.14,11.48,10.29
24-Nov-22,8.94,11.49,10.69
25-Nov-22,10.25,11.59,10.83
28-Nov-22,10.88,11.71,11.11
29-Nov-22,10.97,11.6,11.28
30-Nov-22,9.41,11.76,9.91
,,,
01-Dec-22,10.87,11.51,11.37
02-Dec-22,10.91,11.25,11.07
05-Dec-22,10.64,10.95,10.82
06-Dec-22,11.12,11.71,11.39
07-Dec-22,10.16,11.69,10.45
08-Dec-22,11.06,11.85,11.5
09-Dec-22,10.8,11.58,11.14
12-Dec-22,11.17,11.95,11.35
13-Dec-22,10.95,11.15,11.08
14-Dec-22,11.18,11.53,11.36
15-Dec-22,11.02,11.81,11.45
16-Dec-22,11.09,11.85,11.37
19-Dec-22,11.03,11.14,11.07
20-Dec-22,11.04,11,10.88
21-Dec-22,9.6,11.46,9.89
22-Dec-22,11,11.74,11.39
23-Dec-22,,11.85,11.38
27-Dec-22,11.25,11.16,11.19
28-Dec-22,11.24,,11.29
29-Dec-22,11.36,11.61,11.49
30-Dec-22,11.32,11.06,11.25
,,,
02-Jan-23,11.31,11.31,11.32
03-Jan-23,11.47,11.89,11.68
04-Jan-23,10.8,12,10.83
05-Jan-23,11.26,11.94,11.82
06-Jan-23,11.76,12,11.92
09-Jan-23,12.18,12.02,12.07
10-Jan-23,11.66,12.02,11.97
11-Jan-23,11.62,12.18,11.89
12-Jan-23,11.84,11.9,11.86
13-Jan-23,11.81,12,11.82
16-Jan-23,11.72,12.01,11.78
17-Jan-23,11.84,12.25,12.01
18-Jan-23,11.95,12.07,11.97
19-Jan-23,11.93,,12.02
20-Jan-23,12.01,12,12.01
23-Jan-23,12.06,12.26,12.11
24-Jan-23,12,12.3,12.1
25-Jan-23,,12.24,12.11
27-Jan-23,12,12.07,12.04
30-Jan-23,12,12.13,12.01
31-Jan-23,12,12,12
,,,
01-Feb-23,11.9,12.03,11.91
02-Feb-23,11.95,11.97,11.96
03-Feb-23,11.94,12.3,11.98
06-Feb-23,11.99,12.03,12
07-Feb-23,11.98,12.04,12
08-Feb-23,12,12.03,12.01
09-Feb-23,,12,11.99
10-Feb-23,11.98,12,11.99
13-Feb-23,12,12.05,12.01
14-Feb-23,12,12.03,12.01
15-Feb-23,,12.03,11.97
17-Feb-23,12,12.18,12.06
20-Feb-23,11.97,11.97,11.98
21-Feb-23,12.01,12.1,12.02
22-Feb-23,12,12,12
23-Feb-23,11.99,12.1,12.03
24-Feb-23,12,12,12
27-Feb-23,12,12,12
28-Feb-23,11.98,12,11.99
,,,
01-Mar-23,11.82,,11.87
02-Mar-23,12,12.15,12.09
03-Mar-23,12,12,12
06-Mar-23,12,12,12
07-Mar-23,,12,11.99
09-Mar-23,12,12,12
10-Mar-23,12,12,12
13-Mar-23,11.98,12,11.92
14-Mar-23,11.82,12,11.78
15-Mar-23,10.09,10.57,10.12
16-Mar-23,11.94,12,11.97
17-Mar-23,11.9,12,11.91
20-Mar-23,12,12,12
21-Mar-23,12,12,12
22-Mar-23,12,12,12
23-Mar-23,12,12.02,12.01
24-Mar-23,11.99,12,11.99
27-Mar-23,11.95,12,11.96
28-Mar-23,11.9,12,11.89
29-Mar-23,11.02,11.5,11.13
30-Mar-23,11.96,12,11.98
31-Mar-23,12,,12
,,,
03-Apr-23,11.96,,11.98
04-Apr-23,11.95,12,11.96
05-Apr-23,11.93,12,11.95
06-Apr-23,,12,11.9
11-Apr-23,11.53,11.78,11.72
12-Apr-23,10.8,12,10.91
13-Apr-23,10.85,11.63,11.24
14-Apr-23,10.51,12,10.66
17-Apr-23,10.47,11.29,10.6
18-Apr-23,10.68,11.96,10.98
19-Apr-23,11.24,11.9,11.39
20-Apr-23,11.77,11.74,11.55
24-Apr-23,10.66,,11.07
25-Apr-23,9.81,11.6,10.05
26-Apr-23,10.14,11.75,10.45
27-Apr-23,10.5,11.26,10.91
28-Apr-23,,11.05,10.58
,,,
02-May-23,10.52,10.97,10.71
03-May-23,10.58,10.99,10.71
04-May-23,10.11,11.09,10.6
05-May-23,10.33,11.03,10.54
08-May-23,10.5,10.89,10.58
09-May-23,10.38,11,10.54
10-May-23,10.25,11.13,10.45
11-May-23,10.29,10.89,10.62
12-May-23,9.64,11.05,9.93
15-May-23,10.41,11,10.6
16-May-23,10.29,11,10.41
17-May-23,10.38,11,10.47
18-May-23,10.62,10.92,10.6
19-May-23,10.9,10.88,10.89
22-May-23,9.89,11,10.18
23-May-23,10.24,11.29,10.34
24-May-23,10.12,10.78,10.33
25-May-23,10.24,10.84,10.54
26-May-23,10.31,10.75,10.56
29-May-23,10.3,10.94,10.5
30-May-23,9.49,10.89,9.69
31-May-23,10.32,10.63,10.41
,,,
01-Jun-23,9.44,10.72,10.03
02-Jun-23,10.26,,10.45
05-Jun-23,10.06,10.68,10.29
06-Jun-23,9.08,10.5,9.19
07-Jun-23,9.99,10.58,10.28
08-Jun-23,,10.84,10.65
12-Jun-23,10.2,10.71,10.47
13-Jun-23,9.61,11,9.84
14-Jun-23,9.9,10.66,9.88
15-Jun-23,10.23,10.69,10.49
16-Jun-23,10.61,11,10.71
19-Jun-23,10.37,10.71,10.51
20-Jun-23,10.24,10.95,10.33
21-Jun-23,10.18,11,10.4
22-Jun-23,10.18,10.64,10.46
23-Jun-23,10.03,10.75,10.08
26-Jun-23,10.07,10.55,10.33
27-Jun-23,10.16,10.74,10.38
29-Jun-23,9.9,10.42,10.21
30-Jun-23,9.32,10.5,9.66
,,,
03-Jul-23,9.97,10.39,10.06
04-Jul-23,10.4,10.42,10.4
05-Jul-23,10.01,10.89,10.14
06-Jul-23,9.92,10.44,10.25
07-Jul-23,9.84,10.48,9.96
10-Jul-23,8.85,10.5,8.99
11-Jul-23,10.06,10.41,10.24
12-Jul-23,10.19,10.63,10.38
13-Jul-23,9.96,10.53,10.34
14-Jul-23,9.93,10.14,9.96
17-Jul-23,10.2,10.75,10.26
18-Jul-23,10.64,11,10.57
19-Jul-23,10.43,10.15,10.37
20-Jul-23,10.49,10.74,10.62
21-Jul-23,10.34,10.78,10.56
24-Jul-23,10.16,10.43,10.31
25-Jul-23,10.6,10.11,10.5
26-Jul-23,10.43,10.37,10.41
27-Jul-23,10.42,10.69,10.53
28-Jul-23,10.4,10.41,10.41
31-Jul-23,10.18,10.5,10.27
,,,
01-Aug-23,9.77,10.5,9.8
02-Aug-23,9.8,10.37,10.1
03-Aug-23,10.58,10.6,10.6
04-Aug-23,10.44,10.5,10.46
07-Aug-23,10.34,10.48,10.4
08-Aug-23,10.27,10.5,10.31
09-Aug-23,10.28,10.5,10.35
10-Aug-23,10.44,10.62,10.55
11-Aug-23,10.45,10.74,10.56
14-Aug-23,10.46,10.5,10.47
15-Aug-23,10.73,10.36,10.63
16-Aug-23,10.26,,10.26
17-Aug-23,10.33,10.52,10.45
18-Aug-23,10.46,10.39,10.45
21-Aug-23,10.12,10.12,10.16
22-Aug-23,10.02,10.04,10.06
23-Aug-23,10.36,10.5,10.4
24-Aug-23,10.24,10.57,10.43
25-Aug-23,10.63,10.25,10.52
28-Aug-23,10.47,10.33,10.46
29-Aug-23,10.53,10.5,10.54
30-Aug-23,10.62,10.39,10.57
31-Aug-23,10.46,10.61,10.53
01-Sep-23,10.62,10.46,10.55
04-Sep-23,10.08,10.36,10.24
05-Sep-23,10.17,10,10.34
06-Sep-23,10.26,10,10.25
07-Sep-23,10.36,10.56,10.43
08-Sep-23,9.87,10.17,9.96
11-Sep-23,9.29,10,9.52
12-Sep-23,9.84,10.13,9.07
13-Sep-23,9.7,10.24,9.83
14-Sep-23,9.64,10.28,10
15-Sep-23,10.27,10.36,10.3
18-Sep-23,10.12,10.5,10.24
19-Sep-23,10.24,10,10.2
20-Sep-23,10.25,10.05,10.2
21-Sep-23,9.96,10.25,10.17
22-Sep-23,10.39,11.43,10.59
25-Sep-23,10,10.39,10.22
26-Sep-23,10.07,,10.13
27-Sep-23,9.64,10.38,9.79
28-Sep-23,10.25,10.27,10.26
29-Sep-23,10.4,10,10.39
02-Oct-23,10.47,,10.46
03-Oct-23,10.76,10.1,10.68
04-Oct-23,10.28,10.53,10.32
05-Oct-23,10.33,10.5,10.41
06-Oct-23,,10.38,10.35
10-Oct-23,10.26,10.55,10.37
11-Oct-23,10.23,10.35,10.24
12-Oct-23,10.47,10.62,10.53
13-Oct-23,10.65,10.56,10.63
16-Oct-23,11,10.72,10.89
17-Oct-23,10.94,10.5,10.92
18-Oct-23,10.99,10.78,10.96
19-Oct-23,10.89,11.04,10.96
20-Oct-23,11.29,11.14,11.2
23-Oct-23,11.03,10.93,11
24-Oct-23,10.68,10.85,10.67
25-Oct-23,10.27,10.5,10.28
26-Oct-23,10.82,11.01,10.89
27-Oct-23,10.12,10.95,10.23
30-Oct-23,10.89,11.04,10.96
31-Oct-23,10.54,10.65,10.55
01-Nov-23,10.69,,10.74
02-Nov-23,10.55,11.06,10.74
03-Nov-23,10.96,10.8,10.93
06-Nov-23,10.76,10.92,10.72
07-Nov-23,8.61,10.84,8.96
08-Nov-23,9.92,10.52,10.08
09-Nov-23,9.89,11.02,10.46
10-Nov-23,10.78,11,10.8
13-Nov-23,10.65,11,10.68
14-Nov-23,10.9,11.08,10.91
15-Nov-23,9.93,11.27,10
16-Nov-23,10.32,10.87,10.55
17-Nov-23,10.44,10.68,10.52
20-Nov-23,10.64,10.56,10.65
21-Nov-23,10.48,10.82,10.59
22-Nov-23,10.61,11,10.63
23-Nov-23,10.6,11,10.63
24-Nov-23,10.11,10.73,10.37
27-Nov-23,10.47,10.51,10.47
28-Nov-23,10.7,10.66,10.69
29-Nov-23,10,10.5,10.09
30-Nov-23,10.63,10.53,10.56
01-Dec-23,10.09,10.59,10.33
04-Dec-23,10.13,10.14,10.22
05-Dec-23,10.16,10.14,10.23
06-Dec-23,9.85,10.44,9.9
07-Dec-23,10.55,10.62,10.52
08-Dec-23,10.29,10.25,10.3
11-Dec-23,9.42,10.7,9.78
12-Dec-23,9.91,10.7,10.06
13-Dec-23,10.28,,10.21
14-Dec-23,9.78,10.38,9.92
15-Dec-23,10.08,10.31,10.12
18-Dec-23,10.26,,10.33
19-Dec-23,10.68,11,10.66
20-Dec-23,9.97,10.89,10
21-Dec-23,10.01,10.68,10.3
22-Dec-23,,10.58,10.6
27-Dec-23,10.6,11.05,10.77
28-Dec-23,10.43,10.82,10.45
29-Dec-23,,10.97,10.85
02-Jan-24,10.15,10.86,10.39
03-Jan-24,10.26,10.5,10.37
04-Jan-24,10.36,10.81,10.53
05-Jan-24,10.6,10.73,10.61
08-Jan-24,10.55,10.65,10.61
09-Jan-24,10.79,10.92,10.93
10-Jan-24,10.93,10.92,10.99
11-Jan-24,10.91,10.95,10.92
12-Jan-24,10.86,10.86,10.87
15-Jan-24,10.82,10.9,10.86
16-Jan-24,10.64,11,10.66
17-Jan-24,10.88,11,10.91
18-Jan-24,10.31,10.97,10.46
19-Jan-24,9.52,,9.62
22-Jan-24,9.88,10.73,10.1
23-Jan-24,9.48,11,9.6
24-Jan-24,10.39,10.64,10.44
25-Jan-24,10.5,10.66,10.56
29-Jan-24,10.17,10.87,10.31
30-Jan-24,10.14,10.7,9.92
31-Jan-24,9.54,10.5,9.82
01-Feb-24,10.21,10.85,10.39
02-Feb-24,10.61,11,10.65
05-Feb-24,10.39,10.82,10.47
06-Feb-24,10.47,10.88,10.52
07-Feb-24,10.47,10.88,10.52
08-Feb-24,10.75,10.95,10.82
09-Feb-24,10.75,10.95,10.82
12-Feb-24,10.62,10.93,10.66
13-Feb-24,10.2,10.75,10.21
14-Feb-24,10.18,10.88,10.22
15-Feb-24,,10.98,10.79
19-Feb-24,10.53,11.46,10.8
20-Feb-24,11.26,,11.25
21-Feb-24,11.12,11.65,11.29
22-Feb-24,11.26,11.22,11.27
23-Feb-24,11.27,11.1,11.25
26-Feb-24,11.19,11.43,11.17
27-Feb-24,11.23,,11.23
28-Feb-24,10.87,11.5,10.97
29-Feb-24,11.17,11.47,11.28
01-Mar-24,11.3,,11.31
04-Mar-24,11.28,11.29,11.28
05-Mar-24,11.26,11.42,11.29
06-Mar-24,11.56,11.5,11.69
07-Mar-24,,12,11.78
11-Mar-24,11.75,11.82,11.73
12-Mar-24,11.6,11.88,11.65
13-Mar-24,11.64,,11.65
14-Mar-24,11.84,11.96,11.87
15-Mar-24,11.86,11.78,11.85
18-Mar-24,11.44,11.54,11.45
19-Mar-24,11.7,11.88,11.73
20-Mar-24,11.61,11.42,11.6
21-Mar-24,11.57,11.73,11.61
22-Mar-24,11.64,,11.6
25-Mar-24,11.55,,11.4
26-Mar-24,11.35,11.78,11.38
27-Mar-24,10.9,11.69,10.95
28-Mar-24,,11.49,11.53
02-Apr-24,11.74,11.6,11.69
03-Apr-24,11.85,,11.88
04-Apr-24,11.76,12.12,11.93
05-Apr-24,11.83,12,11.84
08-Apr-24,11.73,11.99,11.76
09-Apr-24,,12.14,12.05
11-Apr-24,12.01,12.12,12.06
12-Apr-24,12.14,12.15,12.16
15-Apr-24,12.01,12,12.03
16-Apr-24,12.02,12,12.01
17-Apr-24,12.05,12.02,12.05
18-Apr-24,12.11,12.11,12.11
19-Apr-24,12.06,12.08,12.07
22-Apr-24,11.97,12.24,12.01
23-Apr-24,12.01,12.11,12.02
24-Apr-24,11.75,,11.76
25-Apr-24,12.11,12.3,12.16
26-Apr-24,12.13,12.25,12.11
29-Apr-24,12.01,12.19,12.07
30-Apr-24,,12.15,12.11
02-May-24,11.91,12.26,12.07
03-May-24,12.03,,12.04
06-May-24,12.02,12.08,12.02
07-May-24,11.92,12.25,11.96
08-May-24,11.46,12.24,11.52
09-May-24,,12.24,12.07
13-May-24,11.92,12.17,12
14-May-24,11.99,12.23,12.01
15-May-24,12.06,12.32,12.04
16-May-24,12.13,12.22,12.13
17-May-24,12.38,12.06,12.32
20-May-24,12.09,12.28,12.1
21-May-24,11.99,12.09,12.01
22-May-24,11.94,12.16,11.95
23-May-24,12.02,12.29,12.12
24-May-24,12,12,12
27-May-24,12,,12.05
27-May-24,12,,12.05
28-May-24,11.93,12,11.91
29-May-24,11.34,12,11.44
30-May-24,10.79,12.01,11.1
31-May-24,,11,10.6
04-Jun-24,10.62,11.25,10.65
05-Jun-24,10.41,11.02,10.43
06-Jun-24,10.81,11.15,11.06
07-Jun-24,10.48,11.18,10.64
10-Jun-24,9.98,10.3,10.2
11-Jun-24,9.66,,9.91
12-Jun-24,9.04,10.56,9.5
13-Jun-24,9.09,10.72,9.9
14-Jun-24,9.73,11.25,9.95
17-Jun-24,9.46,10.76,10.12
18-Jun-24,10.44,11,10.46
19-Jun-24,10.23,10.5,10.25
20-Jun-24,10.4,10.64,10.43
21-Jun-24,9.07,10.86,9.49
24-Jun-24,9.25,10.49,9.79
25-Jun-24,9.35,10.42,9.81
26-Jun-24,8.32,10.5,9.01
27-Jun-24,9.61,10.5,9.95
28-Jun-24,10.24,10.55,10.27
